idea_id,description,final_balance,cagr_percent,daily_drawdown,closed_drawdown,dd_improvement_pp,cagr_change_pp,cagr_retention,trades,days_in_position,structural_exits
1,OR5 entry-0.50% persist-1m slow-90m/-0.75%,68867169.04435001,189.85598437353644,0.7536539224147855,0.7320183334238117,9.306979450415376,-661.3608605391172,0.22304068053660078,376,815,165
2,OR5 entry-0.50% persist-1m slow-90m/-1.00%,221104720.64116,233.5696259935819,0.8407901180312354,0.8268073519837993,0.5933598887703839,-617.6472189190717,0.27439497630894427,376,911,129
3,OR5 entry-0.50% persist-1m slow-90m/-1.25%,4301072615.094659,376.87909937365885,0.7824125335742863,0.7223237052574312,6.431118334465291,-474.3377455389948,0.4427533379139504,376,998,89
4,OR5 entry-0.50% persist-1m slow-90m/-1.50%,113472861825.21387,607.2392291335328,0.6509343069965797,0.6492914708862825,19.57894099223595,-243.9776157791208,0.7133778340533707,376,1059,57
5,OR5 entry-0.50% persist-3m slow-90m/-0.75%,79144008.78066005,194.7518084843711,0.7602776995724031,0.739223850390542,8.644601734653612,-656.4650364282825,0.22879223977805008,376,819,164
6,OR5 entry-0.50% persist-3m slow-90m/-1.00%,220599476.52810988,233.47774334058298,0.8407886592736736,0.8268057651094054,0.5935057645265585,-617.7391015720707,0.27428703359898965,376,911,129
7,OR5 entry-0.50% persist-3m slow-90m/-1.25%,4289147618.2762394,376.71968522453386,0.7829997348118722,0.7230855237088993,6.372398210706698,-474.4971596881198,0.4425660599599511,376,998,89
8,OR5 entry-0.50% persist-3m slow-90m/-1.50%,111977368483.9399,606.1102223255497,0.6509382880790299,0.6436393965784886,19.578542883990934,-245.10662258710397,0.712051489521151,376,1059,57
9,OR5 entry-0.50% persist-5m slow-90m/-0.75%,68427797.99757998,189.6326630777482,0.7622934932871392,0.7414166831908202,8.443022363179997,-661.5841818349054,0.22277832518364585,376,819,164
10,OR5 entry-0.50% persist-5m slow-90m/-1.00%,210658258.20784006,231.63112049197105,0.8407555818775304,0.8267697826580859,0.5968135041408806,-619.5857244206826,0.2721176417928378,376,911,129
11,OR5 entry-0.50% persist-5m slow-90m/-1.25%,4001412718.5473704,372.7498857526557,0.7891844577259243,0.7309731414465144,5.753925919301494,-478.46695915999794,0.4379023840757109,376,998,89
12,OR5 entry-0.50% persist-5m slow-90m/-1.50%,106837226324.74812,602.1258493894994,0.6536384543211222,0.6536384543211222,19.3085262597817,-249.09099552315422,0.7073706928946943,376,1059,57
13,OR5 entry-0.50% persist-10m slow-90m/-0.75%,75811168.10323,193.22865279258585,0.7579169705131656,0.736655787956463,8.880674640577357,-657.9881921200678,0.22700285355891156,376,824,162
14,OR5 entry-0.50% persist-10m slow-90m/-1.00%,359427272.8357399,253.669143719384,0.7943158559708181,0.7943158559708181,5.240786094812111,-597.5477011932696,0.29800766424613445,376,917,127
15,OR5 entry-0.50% persist-10m slow-90m/-1.25%,3284869238.47966,361.64890710823477,0.7886695002195223,0.7302989303906442,5.8054216699416905,-489.5679378044189,0.424861078900929,376,998,89
16,OR5 entry-0.50% persist-10m slow-90m/-1.50%,120482575630.69063,612.3627533117934,0.650937484692889,0.6488416299640156,19.578623222605017,-238.85409160086022,0.7193968927795715,376,1059,56
17,OR5 entry-0.50% persist-15m slow-90m/-0.75%,168131801.1916101,222.74720350287907,0.7723168844043469,0.7523203885904125,7.440683251459235,-628.4696414097746,0.2616809157785593,376,824,159
18,OR5 entry-0.50% persist-15m slow-90m/-1.00%,768019455.3242397,287.53218170269224,0.7943165661244197,0.7943165661244197,5.240715079451952,-563.6846632099614,0.33778958137535087,376,917,125
19,OR5 entry-0.50% persist-15m slow-90m/-1.25%,5151492978.336979,387.3535559426979,0.7952537634019071,0.7387130860334643,5.146995351703209,-463.86328896995576,0.4550586119832316,376,998,88
20,OR5 entry-0.50% persist-15m slow-90m/-1.50%,130565203951.26666,619.2905068282622,0.6623540081092688,0.6623540081092688,18.436970880967042,-231.92633808439143,0.7275355398914948,376,1059,56
21,OR5 entry-1.00% persist-1m slow-90m/-0.75%,85625894.66509004,197.55918813536053,0.7392875683709943,0.7392875683709943,10.743614854794492,-653.6576567772931,0.23209031789735407,376,933,121
22,OR5 entry-1.00% persist-1m slow-90m/-1.00%,997346929.1153905,299.9194971725059,0.748497053527071,0.748497053527071,9.822666339186824,-551.2973477401478,0.35234206062179335,376,986,95
23,OR5 entry-1.00% persist-1m slow-90m/-1.25%,2061273075.395549,336.4559700429808,0.7667422252620234,0.7593315656158969,7.998149165691581,-514.7608748696728,0.39526469906443845,376,1025,72
24,OR5 entry-1.00% persist-1m slow-90m/-1.50%,166174533032.2176,640.4862543886588,0.6586571791107233,0.6586571791107233,18.80665378082159,-210.7305905239948,0.7524360663402772,376,1072,48
25,OR5 entry-1.00% persist-3m slow-90m/-0.75%,74040450.93101,192.39529128999044,0.7392593963522844,0.7392593963522844,10.746432056665478,-658.8215536226633,0.22602382981475513,376,933,121
26,OR5 entry-1.00% persist-3m slow-90m/-1.00%,992053971.7698699,299.6633158447224,0.7486515963246957,0.7486515963246957,9.807212059424353,-551.5535290679313,0.35204110167189173,376,986,95
27,OR5 entry-1.00% persist-3m slow-90m/-1.25%,2059929017.6390698,336.4216889751778,0.7667422242207547,0.7593315645415467,7.998149269818455,-514.7951559374758,0.39522442605056674,376,1025,72
28,OR5 entry-1.00% persist-3m slow-90m/-1.50%,159994636720.828,637.1145185613965,0.6624978326943669,0.6624978326943669,18.42258842245723,-214.10232635125715,0.7484749889163355,376,1072,48
29,OR5 entry-1.00% persist-5m slow-90m/-0.75%,68914631.05867001,189.88003306991737,0.7395571653578628,0.7395571653578628,10.716655156107645,-661.3368118427363,0.22306893267531805,376,933,121
30,OR5 entry-1.00% persist-5m slow-90m/-1.00%,985637940.1466897,299.3511603846621,0.7489273129917429,0.7489273129917429,9.779640392719635,-551.8656845279916,0.3516743849393389,376,986,95
31,OR5 entry-1.00% persist-5m slow-90m/-1.25%,2008687501.6160696,335.0998368023552,0.7667422237301079,0.759331564035312,7.998149318883129,-516.1170081102985,0.39367152894717555,376,1025,72
32,OR5 entry-1.00% persist-5m slow-90m/-1.50%,156453506959.04114,635.1305070919034,0.6628914047896189,0.6628914047896189,18.383231212932028,-216.08633782075026,0.7461441944996711,376,1072,48
33,OR5 entry-1.00% persist-10m slow-90m/-0.75%,55498327.94802,182.4195833734525,0.7383989820960057,0.736366582560311,10.832473482293349,-668.7972615392011,0.2143044800672045,376,934,121
34,OR5 entry-1.00% persist-10m slow-90m/-1.00%,1281543358.6294215,312.1781892059495,0.7448954977749139,0.7448954977749139,10.18282191440253,-539.0386557067042,0.36674343449815444,376,989,94
35,OR5 entry-1.00% persist-10m slow-90m/-1.25%,1764079843.328969,328.3490501773803,0.7667422317400285,0.7593315722997099,7.998148517891068,-522.8677947352733,0.38574078055407063,376,1025,72
36,OR5 entry-1.00% persist-10m slow-90m/-1.50%,131031767329.77101,619.5995455705744,0.6670696249917927,0.6670696249917927,17.965409192714652,-231.61729934207926,0.727898595139002,376,1072,48
37,OR5 entry-1.00% persist-15m slow-90m/-0.75%,70856128.18140998,190.85150508966836,0.7478672165701412,0.7449766319917798,9.8856500348798,-660.3653398229853,0.2242102071056316,376,937,120
38,OR5 entry-1.00% persist-15m slow-90m/-1.00%,1274939698.963241,311.9218414179781,0.7446138380244145,0.7446138380244145,10.210987889452472,-539.2950034946755,0.3664422799926915,376,989,94
39,OR5 entry-1.00% persist-15m slow-90m/-1.25%,1904218385.1528704,332.31036677475123,0.7667422213629163,0.759331561592914,7.998149555602296,-518.9064781379025,0.3903944908525051,376,1025,72
40,OR5 entry-1.00% persist-15m slow-90m/-1.50%,145708643554.43967,628.858794226909,0.6680267319796231,0.6680267319796231,17.869698493931608,-222.35805068574462,0.738776256585287,376,1072,48
41,OR5 entry-1.50% persist-1m slow-90m/-0.75%,445776384.41412026,262.95884342285694,0.780986381494494,0.7740282623645567,6.5737335424445265,-588.2580014897967,0.3089210992409814,376,1026,84
42,OR5 entry-1.50% persist-1m slow-90m/-1.00%,1954371630.7845602,333.6658914410206,0.80066072082186,0.794327660525144,4.60629960970792,-517.550953471633,0.3919869460234416,376,1055,67
43,OR5 entry-1.50% persist-1m slow-90m/-1.25%,3701280561.667457,368.33193390622444,0.7702803761258306,0.7629821244449166,7.644334079310866,-482.8849110064292,0.43271222380945745,376,1073,55
44,OR5 entry-1.50% persist-1m slow-90m/-1.50%,92467632671.76517,590.0181686416056,0.7059096636819687,0.6755959361811709,14.08140532369705,-261.19867627104804,0.6931467253824722,376,1103,37
45,OR5 entry-1.50% persist-3m slow-90m/-0.75%,388127300.9661998,256.9561263405483,0.7844539280656101,0.7776059737843022,6.226978885332912,-594.2607185721054,0.30186917455435863,376,1026,84
46,OR5 entry-1.50% persist-3m slow-90m/-1.00%,1892990987.7235096,332.0026198188663,0.801621254444651,0.7953187105487932,4.510246247428817,-519.2142250937873,0.39003295318120057,376,1055,67
47,OR5 entry-1.50% persist-3m slow-90m/-1.25%,3600560470.334062,366.77854308310066,0.7702803803115605,0.7629821287636283,7.644333660737868,-484.438301829553,0.4308873176972163,376,1073,55
48,OR5 entry-1.50% persist-3m slow-90m/-1.50%,89975456686.1553,587.7516384759715,0.7059096636819687,0.6755959361811709,14.08140532369705,-263.46520643668214,0.6904840311710264,376,1103,37
49,OR5 entry-1.50% persist-5m slow-90m/-0.75%,365678952.18845004,254.4043190288577,0.782596294835596,0.7762285464282066,6.412742208334321,-596.812525883796,0.29887133995211645,376,1026,84
50,OR5 entry-1.50% persist-5m slow-90m/-1.00%,1852790263.714022,330.88737488819413,0.8016212498283102,0.79531870578579,4.510246709062904,-520.3294700244595,0.3887227759480578,376,1055,67
51,OR5 entry-1.50% persist-5m slow-90m/-1.25%,3433031921.789961,364.10802037777216,0.7702803773000458,0.762982125656437,7.644333961889338,-487.1088245348815,0.4277500175823407,376,1073,55
52,OR5 entry-1.50% persist-5m slow-90m/-1.50%,88102302390.22496,586.0114414377173,0.7059100679441146,0.6755959522272876,14.081364897482462,-265.20540347493636,0.6884396672129415,376,1103,37
53,OR5 entry-1.50% persist-10m slow-90m/-0.75%,317330954.75529015,248.40348798842325,0.8008898585593246,0.7945640780276083,4.583385835961462,-602.8133569242304,0.2918216309663289,376,1027,84
54,OR5 entry-1.50% persist-10m slow-90m/-1.00%,1468623123.69389,318.99731940230964,0.8276687061309672,0.8221936964912044,1.9055010787972004,-532.219525510344,0.37475447215220825,376,1056,67
55,OR5 entry-1.50% persist-10m slow-90m/-1.25%,2904134162.9518895,354.8508898752101,0.7702803748661655,0.7629821231452316,7.64433420527737,-496.36595503744354,0.41687484451934526,376,1073,55
56,OR5 entry-1.50% persist-10m slow-90m/-1.50%,74888840046.60832,572.718139760268,0.7059100092073243,0.6755959340549407,14.081370771161495,-278.4987051523857,0.6728228455336038,376,1103,37
57,OR5 entry-1.50% persist-15m slow-90m/-0.75%,320482676.08336,248.8183803375477,0.8144917377586718,0.8085980924361991,3.223197916026743,-602.3984645751059,0.29230904184359724,376,1029,83
58,OR5 entry-1.50% persist-15m slow-90m/-1.00%,1525293569.6050498,320.91204875439547,0.8276687049201898,0.8221936952419605,1.9055011998749372,-530.3047961582581,0.37700387471458624,376,1056,67
59,OR5 entry-1.50% persist-15m slow-90m/-1.25%,3239325947.962347,360.8733956578387,0.7702803772824307,0.7629821256382623,7.644333963650851,-490.3434492548149,0.4239500167491037,376,1073,55
60,OR5 entry-1.50% persist-15m slow-90m/-1.50%,83317876057.20837,581.4142797865525,0.7059099916785664,0.675595939327394,14.081372524037283,-269.8025651261012,0.683038973278558,376,1103,37
61,OR5 entry-2.00% persist-1m slow-90m/-0.75%,466577261.15050036,264.9576976333033,0.8472803248368178,0.844762236653017,-0.05566079178785932,-586.2591472793504,0.31126933074320395,376,1069,58
62,OR5 entry-2.00% persist-1m slow-90m/-1.00%,1641415313.5863986,324.6475467406788,0.8694210880376743,0.8672680634525016,-2.2697371118735044,-526.5692981719749,0.38139229584206835,376,1082,52
63,OR5 entry-2.00% persist-1m slow-90m/-1.25%,13648099235.362366,448.02392544176746,0.8026198601255872,0.7481334688794143,4.410385679335205,-403.1929194708862,0.5263334814382589,376,1105,38
64,OR5 entry-2.00% persist-1m slow-90m/-1.50%,164280142507.08936,639.4645705733568,0.6941838910931153,0.675595946759828,15.253982582582392,-211.75227433929683,0.7512358036558529,376,1124,27
65,OR5 entry-2.00% persist-3m slow-90m/-0.75%,457729284.89717007,264.1172317564453,0.8471896788082842,0.844670096025355,-0.04659618893450013,-587.0996131562083,0.3102819608598644,376,1069,58
66,OR5 entry-2.00% persist-3m slow-90m/-1.00%,1633506009.4393985,324.4006146738218,0.8694210880376743,0.8672680634525016,-2.2697371118735044,-526.8162302388318,0.38110220282014,376,1082,52
67,OR5 entry-2.00% persist-3m slow-90m/-1.25%,13648099235.362366,448.02392544176746,0.8026198601255872,0.7481334688794143,4.410385679335205,-403.1929194708862,0.5263334814382589,376,1105,38
68,OR5 entry-2.00% persist-3m slow-90m/-1.50%,164280142507.08936,639.4645705733568,0.6941838910931153,0.675595946759828,15.253982582582392,-211.75227433929683,0.7512358036558529,376,1124,27
69,OR5 entry-2.00% persist-5m slow-90m/-0.75%,462794068.30790985,264.6000641413574,0.8492908819754537,0.8468059444657113,-0.2567165056514442,-586.6167807712962,0.3108491869289886,376,1069,58
70,OR5 entry-2.00% persist-5m slow-90m/-1.00%,1637922918.0937312,324.5386418912741,0.8694499870943702,0.8672974390055829,-2.272627017543094,-526.6782030213795,0.3812643556467402,376,1082,52
71,OR5 entry-2.00% persist-5m slow-90m/-1.25%,13317393993.461693,446.40752239122713,0.802640318967272,0.7481575546968271,4.408339795166727,-404.8093225214265,0.5244345492681534,376,1105,38
72,OR5 entry-2.00% persist-5m slow-90m/-1.50%,164703411145.50784,639.693743719506,0.6941852439186353,0.6755959454651284,15.253847300030387,-211.52310119314768,0.7515050336969626,376,1124,27
73,OR5 entry-2.00% persist-10m slow-90m/-0.75%,343652949.37975985,251.7628939768143,0.8481956157928023,0.8456926192030515,-0.147189887386312,-599.4539509358393,0.29576822343388726,376,1072,57
74,OR5 entry-2.00% persist-10m slow-90m/-1.00%,1115936049.5987995,305.3669613404686,0.869384736411567,0.867231112449791,-2.2661019492627776,-545.849883572185,0.35874168041376503,376,1083,52
75,OR5 entry-2.00% persist-10m slow-90m/-1.25%,10994282031.821735,433.9384875212542,0.8026467505066673,0.7481666055059639,4.407696641227188,-417.2783573913994,0.5097860669871754,376,1105,38
76,OR5 entry-2.00% persist-10m slow-90m/-1.50%,135663137171.0799,622.6158476202519,0.694180248431647,0.6755959474476254,15.254346848729217,-228.60099729240176,0.7314421129484823,376,1124,27
77,OR5 entry-2.00% persist-15m slow-90m/-0.75%,305446192.7685997,246.80565204660917,0.8513011091963001,0.848849316920832,-0.457739227736087,-604.4111928660445,0.28994451122725934,376,1072,57
78,OR5 entry-2.00% persist-15m slow-90m/-1.00%,1133559156.1349294,306.13256032264104,0.8707428568648318,0.8686116260037607,-2.4019139945892554,-545.0842845900127,0.3596410975091246,376,1083,52
79,OR5 entry-2.00% persist-15m slow-90m/-1.25%,11803681745.402819,438.52557038184193,0.8026608385581528,0.7481835637713257,4.406287836078637,-412.6912745308117,0.5151749204714582,376,1105,38
80,OR5 entry-2.00% persist-15m slow-90m/-1.50%,148848230439.00616,630.7323114459834,0.6941820978164244,0.675595944047557,15.254161910251485,-220.4845334666702,0.7409772435961428,376,1124,27
81,OR5 entry-2.50% persist-1m slow-90m/-0.75%,54375161299.908745,547.2803842538467,0.807456037003749,0.7866587213224685,3.92676799151902,-303.93646065880694,0.6429388557389335,376,1113,36
82,OR5 entry-2.50% persist-1m slow-90m/-1.00%,66816304288.33597,563.5414561426537,0.8112075526525757,0.7908103942214211,3.5516164266363504,-287.6753887699999,0.6620421805685491,376,1117,33
83,OR5 entry-2.50% persist-1m slow-90m/-1.25%,58034785468.12171,552.3774352260097,0.8164795483939395,0.8157784107786846,3.024416852499967,-298.839409686644,0.6489268140396012,376,1123,30
84,OR5 entry-2.50% persist-1m slow-90m/-1.50%,224892077960.91306,667.9654087382116,0.7877808882570964,0.7869701077657845,5.894282866184286,-183.251436174442,0.7847182685943602,376,1137,21
85,OR5 entry-2.50% persist-3m slow-90m/-0.75%,53621392347.73521,546.1932084130243,0.8074574916823787,0.7866620027305906,3.9266225236560537,-305.02363649962933,0.6416616537576523,376,1113,36
86,OR5 entry-2.50% persist-3m slow-90m/-1.00%,66494343631.767975,563.1556070412469,0.8112075526525757,0.7908103942214211,3.5516164266363504,-288.0612378714068,0.6615888893728769,376,1117,33
87,OR5 entry-2.50% persist-3m slow-90m/-1.25%,58034785468.12171,552.3774352260097,0.8164795483939395,0.8157784107786846,3.024416852499967,-298.839409686644,0.6489268140396012,376,1123,30
88,OR5 entry-2.50% persist-3m slow-90m/-1.50%,462022618636.03436,737.5223352929162,0.6940355463637098,0.6975495583776754,15.268817055522943,-113.69450961973746,0.8664329655842231,376,1138,20
89,OR5 entry-2.50% persist-5m slow-90m/-0.75%,53540538381.54423,546.0757941827695,0.807448976030403,0.7866495420774782,3.927474088853622,-305.1410507298841,0.6415237168371642,376,1113,36
90,OR5 entry-2.50% persist-5m slow-90m/-1.00%,64696939260.84765,560.970845783175,0.8112109251726176,0.7908144303997977,3.5512791746321604,-290.2459991294786,0.6590222563567081,376,1117,33
91,OR5 entry-2.50% persist-5m slow-90m/-1.25%,56480126993.70179,550.2476999141661,0.8164763695588175,0.8157752197988624,3.024734736012169,-300.96914499848754,0.6464248248877511,376,1123,30
92,OR5 entry-2.50% persist-5m slow-90m/-1.50%,462022618636.03436,737.5223352929162,0.6940355463637098,0.6975495583776754,15.268817055522943,-113.69450961973746,0.8664329655842231,376,1138,20
93,OR5 entry-2.50% persist-10m slow-90m/-0.75%,63906994434.66061,559.993730090009,0.8074638677584588,0.7866572633133786,3.925984916048042,-291.2231148226447,0.6578743518021802,376,1117,34
94,OR5 entry-2.50% persist-10m slow-90m/-1.00%,54162820644.763664,546.9754690903696,0.8112145270799367,0.7908098523078986,3.550918983900253,-304.241375822284,0.6425806448255811,376,1118,33
95,OR5 entry-2.50% persist-10m slow-90m/-1.25%,52764471912.737755,544.9408054672056,0.8164797931748561,0.8157786564947836,3.0243923744083134,-306.2760394454481,0.6401903448270269,376,1123,30
96,OR5 entry-2.50% persist-10m slow-90m/-1.50%,431460477378.6852,730.6482986286037,0.6940351377937605,0.6971352879572749,15.268857912517875,-120.56854628404994,0.8583574244275888,376,1138,20
97,OR5 entry-2.50% persist-15m slow-90m/-0.75%,56341797936.96806,550.0557129438376,0.8074597212580831,0.7866516065464766,3.9263995660856144,-301.161131968816,0.6461992807488212,376,1117,34
98,OR5 entry-2.50% persist-15m slow-90m/-1.00%,48350959949.98595,538.192146563012,0.8112107857539885,0.7908151080154371,3.551293116495069,-313.02469834964165,0.6322620960564259,376,1118,33
99,OR5 entry-2.50% persist-15m slow-90m/-1.25%,50344064421.64868,541.3041420296101,0.8164805139334034,0.81577938000698,3.0243202985535844,-309.9127028830435,0.6359180334185648,376,1123,30
100,OR5 entry-2.50% persist-15m slow-90m/-1.50%,420522895201.6436,728.0838328400317,0.6940356668669331,0.696964411484905,15.268805005200614,-123.13301207262191,0.8553447187887159,376,1138,20
