Starting week,Reached $20M,Reaching date,Weeks to $20M,Weeks observed,Total top-ups,Total capital incl. $600,Final balance,Catch-up top-ups,Flat $115 top-ups,Catch-up weeks,Flat weeks,Tax paid
2018-04-13,Yes,2021-07-02,166.0,166,82554.33425821917,83154.33425821917,20157092.44135822,40809.33425821917,41745.0,45,121,1793557.1189000001
2018-04-20,Yes,2021-09-03,174.0,174,84758.36191217146,85358.36191217146,20990533.85356217,39908.36191217146,44850.0,44,130,1742054.8553499999
2018-04-27,Yes,2021-09-03,173.0,173,84746.91033700618,85346.91033700618,20428110.435847014,41621.91033700618,43125.0,48,125,1694858.5144900004
2018-05-04,Yes,2021-11-05,181.0,181,87362.01793971882,87962.01793971882,25420299.617969718,41132.017939718826,46230.0,47,134,1648627.4279699998
2018-05-11,Yes,2021-11-05,180.0,180,85832.14313139034,86432.14313139034,24399096.575851385,41327.143131390345,44505.0,51,129,1581969.03428
2018-05-18,Yes,2021-11-05,179.0,179,84353.47541759849,84953.47541759849,23371967.029787596,39848.475417598485,44505.0,50,129,1514907.25463
2018-05-25,Yes,2021-11-05,178.0,178,83165.92872975927,83765.92872975927,22392612.740929764,38660.92872975927,44505.0,49,129,1450929.7597999999
2018-06-01,Yes,2021-11-05,177.0,177,82030.71033580418,82630.71033580418,21476192.107845806,36835.710335804186,45195.0,46,131,1391059.17349
2018-06-08,Yes,2021-11-05,176.0,176,81480.27614621003,82080.27614621003,20998648.363086212,35250.27614621004,46230.0,42,134,1359857.6400599997
2018-06-15,Yes,2021-11-05,175.0,175,79917.7055196677,80517.7055196677,20370846.038719665,33687.705519667696,46230.0,41,134,1319023.0577999996
2018-06-22,Yes,2022-04-29,199.0,199,100370.92088006478,100970.92088006478,22832845.655360073,52070.92088006478,48300.0,59,140,3679910.5585199995
2018-06-29,Yes,2022-04-29,198.0,198,99124.16440676057,99724.16440676057,21857688.64389675,50824.16440676057,48300.0,58,140,3522023.450510001
2018-07-06,Yes,2022-04-29,197.0,197,97802.67640306496,98402.67640306496,21286930.938693065,48122.676403064965,49680.0,53,144,3429742.859710001
2018-07-13,Yes,2022-04-29,196.0,196,96911.2471751818,97511.2471751818,20408614.915265188,48956.247175181794,47955.0,57,139,3287476.8979100003
2018-07-20,Yes,2022-05-06,196.0,196,96837.72428153202,97437.72428153202,24349264.781791534,49227.72428153203,47610.0,58,138,3149035.44649
2018-07-27,Yes,2022-05-06,195.0,195,95405.62623635335,96005.62623635335,23559087.615886346,47105.626236353346,48300.0,55,140,3046433.86835
2018-08-03,Yes,2022-05-06,194.0,194,93952.31317404003,94552.31317404003,22744061.540424034,45997.31317404003,47955.0,55,139,2940602.1697499994
2018-08-10,Yes,2022-05-06,193.0,193,93175.0190277895,93775.0190277895,21799912.82479779,45220.0190277895,47955.0,54,139,2817785.0852300003
2018-08-17,Yes,2022-05-06,192.0,192,92221.13314621004,92821.13314621004,20869344.17669621,44266.133146210035,47955.0,53,139,2696765.3904500003
2018-08-24,Yes,2022-05-20,193.0,193,93363.31436919983,93963.31436919983,21026723.4015392,45408.314369199834,47955.0,54,139,2579348.1838300005
2018-08-31,Yes,2022-05-20,192.0,192,92670.06559924406,93270.06559924406,20174740.170609243,44370.06559924406,48300.0,52,140,2474105.7709899996
2018-09-07,Yes,2022-08-05,202.0,202,102700.19079187182,103300.19079187182,21133196.261681866,54400.19079187182,48300.0,62,140,2376560.7111100005
2018-09-14,Yes,2022-08-05,201.0,201,101829.07417404003,102429.07417404003,20221376.319884043,53529.07417404002,48300.0,61,140,2273215.9532900006
2018-09-21,Yes,2022-08-19,202.0,202,103450.41926505012,104050.41926505012,22593878.66247505,54805.41926505012,48645.0,61,141,2221545.7287900005
2018-09-28,Yes,2022-08-19,201.0,201,102614.91919622022,103214.91919622022,21578857.90779622,53969.91919622022,48645.0,60,141,2120890.8764
2018-10-05,Yes,2022-08-19,200.0,200,101722.99768537818,102322.99768537818,20528551.790145375,53077.99768537819,48645.0,59,141,2016745.1325400001
2018-10-12,Yes,2022-09-23,204.0,204,113106.86673720402,113706.86673720402,20027420.882287204,68256.86673720402,44850.0,74,130,1944597.0574499997
2018-10-19,Yes,2022-10-07,205.0,205,112500.05775864574,113100.05775864574,22819628.609388642,66270.05775864574,46230.0,71,134,1921348.72737
2018-10-26,Yes,2022-10-07,204.0,204,112128.95788632528,112728.95788632528,21676946.774296325,65898.95788632528,46230.0,70,134,1823993.4565899998
2018-11-02,Yes,2022-10-07,203.0,203,111430.08049409118,112030.08049409118,20590197.547704093,65200.08049409118,46230.0,69,134,1731498.29879
2018-11-09,Yes,2023-02-03,219.0,219,129116.27606611597,129716.27606611597,28247539.504496112,83576.27606611597,45540.0,87,132,2819155.4385699998
2018-11-16,Yes,2022-10-07,201.0,201,105745.8801774723,106345.8801774723,20737111.562847473,58135.880177472296,47610.0,63,138,1745359.2483300003
2018-11-23,Yes,2023-02-03,217.0,217,123404.108172315,124004.108172315,27947852.187082317,78209.108172315,45195.0,86,131,2790267.099089999
2018-11-30,Yes,2023-02-03,216.0,216,123105.11373720401,123705.11373720401,27208225.31528721,76875.11373720401,46230.0,82,134,2715742.989450001
2018-12-07,Yes,2023-02-03,215.0,215,122553.21228153203,123153.21228153203,25699172.341611523,77358.21228153203,45195.0,84,131,2563655.6536699994
2018-12-14,Yes,2023-02-03,214.0,214,122226.46789620288,122826.46789620288,24651077.416096203,77376.46789620288,44850.0,84,130,2457989.7048000004
2018-12-21,Yes,2023-02-03,213.0,213,121922.44140306496,122522.44140306496,23628628.646203063,77072.44140306496,44850.0,83,130,2354924.2161999997
2018-12-28,Yes,2023-02-03,212.0,212,121711.21417518178,122311.21417518178,22673954.012665175,77551.21417518178,44160.0,84,128,2258677.86351
2019-01-04,Yes,2023-02-03,211.0,211,121530.48022983903,122130.48022983903,21732966.151849844,77370.48022983903,44160.0,83,128,2163785.28438
2019-01-11,Yes,2023-02-03,210.0,210,121344.63125821916,121944.63125821916,20827428.21190822,77529.63125821916,43815.0,83,127,2072494.59035
2019-01-18,Yes,2023-02-10,210.0,210,122280.01391217145,122880.01391217145,25377642.370992173,78810.01391217145,43470.0,84,126,1986124.8659199998
2019-01-25,Yes,2023-02-10,209.0,209,121940.05333700616,122540.05333700616,24394239.41743701,78470.05333700616,43470.0,83,126,1908143.3259
2019-02-01,Yes,2023-02-10,208.0,208,121693.50096197738,122293.50096197738,23348991.886611983,78223.50096197738,43470.0,82,126,1825222.94735
2019-02-08,Yes,2023-02-10,207.0,207,121420.54526505012,122020.54526505012,22407284.175905053,77950.54526505012,43470.0,81,126,1750514.62036
2019-02-15,Yes,2023-02-10,206.0,206,121089.06719622022,121689.06719622022,21416363.722136214,78309.06719622022,42780.0,82,124,1671945.1230600006
2019-02-22,Yes,2023-02-10,205.0,205,120304.13976938013,120904.13976938013,20461443.911889378,77869.13976938013,42435.0,82,123,1596322.6488800002
2019-03-01,Yes,2023-02-17,205.0,205,121530.04153050728,122130.04153050728,22698485.871510506,79095.04153050728,42435.0,82,123,1531139.8250199999
2019-03-08,Yes,2023-02-17,204.0,204,122230.43761285895,122830.43761285895,21150582.97681286,82900.43761285895,39330.0,90,114,1424638.0917999996
2019-03-15,Yes,2023-02-17,203.0,203,121770.21987833391,122370.21987833391,20319381.833438333,82440.21987833391,39330.0,89,114,1367677.6414400002
2019-03-22,Yes,2023-03-24,207.0,207,126179.71049409118,126779.71049409118,23151036.638184093,86504.71049409118,39675.0,92,115,1322501.2413099995
2019-03-29,Yes,2023-03-24,206.0,206,125888.27906611597,126488.27906611597,22387481.377746113,86213.27906611597,39675.0,91,115,1277990.92532
2019-04-05,Yes,2023-03-24,205.0,205,125070.75046518273,125670.75046518273,21703289.73192518,85395.75046518273,39675.0,90,115,1238265.0295399998
2019-04-12,Yes,2023-03-24,204.0,204,123887.7567335866,124487.7567335866,20763163.78961359,84557.7567335866,39330.0,90,114,1183685.6261200001
2019-04-18,Yes,2023-05-19,211.0,211,131506.75140306496,132106.75140306496,20697601.73917306,91486.75140306496,40020.0,95,116,1135846.8122299998
2019-04-26,Yes,2023-05-26,211.0,211,131104.3021751818,131704.3021751818,20600996.11538518,90739.30217518179,40365.0,94,117,1090553.89479
2019-05-03,Yes,2023-07-14,217.0,217,137788.69622983903,138388.69622983903,21572044.071859837,97423.69622983903,40365.0,100,117,1045675.01737
2019-05-10,Yes,2023-07-14,216.0,216,138732.17093971884,139332.17093971884,20482813.471249714,99747.17093971882,38985.0,103,113,991215.36069
2019-05-17,Yes,2023-07-28,217.0,217,139996.18938250607,140596.18938250607,22974069.47936251,101356.18938250605,38640.0,105,112,952992.7580199998
2019-05-24,Yes,2023-07-28,216.0,216,138851.1957918718,139451.1957918718,22207524.22724187,100556.19579187181,38295.0,105,111,920491.62155
2019-05-31,Yes,2023-07-28,215.0,215,138235.58617404,138835.58617404,21384660.137234036,100630.58617404001,37605.0,106,109,885479.3869399998
2019-06-07,Yes,2023-07-28,214.0,214,137900.5820277895,138500.5820277895,20593389.199767787,100640.5820277895,37260.0,106,108,851731.78226
2019-06-14,Yes,2023-09-01,218.0,218,142272.9467918718,142872.9467918718,22054789.66669187,105012.94679187181,37260.0,110,108,819603.2450999998
2019-06-21,Yes,2023-09-01,217.0,217,141818.63617404003,142418.63617404003,21186029.60039404,104903.63617404002,36915.0,110,107,786308.0577799999
2019-06-28,Yes,2023-09-01,216.0,216,141228.1250277895,141828.1250277895,20356140.385047793,104313.1250277895,36915.0,109,107,754543.66398
2019-07-05,Yes,2023-10-20,222.0,222,147662.83906920097,148262.83906920097,21952755.878799208,111437.83906920097,36225.0,117,105,722209.23427
2019-07-12,Yes,2023-10-20,221.0,221,147314.03728153202,147914.03728153202,21185660.97854153,111089.03728153202,36225.0,116,105,696057.9787399999
2019-07-19,Yes,2023-10-20,220.0,220,146949.0668962029,147549.0668962029,20380736.5184162,110724.06689620289,36225.0,115,105,668644.54048
2019-07-26,Yes,2023-10-27,220.0,220,147694.14540306496,148294.14540306496,21830233.77192306,112159.14540306496,35535.0,117,103,646121.9974800003
2019-08-02,Yes,2023-10-27,219.0,219,147431.9501751818,148031.9501751818,21005974.997865178,113966.95017518179,33465.0,122,97,620733.86631
2019-08-09,Yes,2023-10-27,218.0,218,145685.249229839,146285.249229839,20302320.179169837,111875.24922983903,33810.0,120,98,599410.77906
2019-08-16,Yes,2023-11-03,218.0,218,145835.8523358042,146435.8523358042,34291612.0976258,112025.85233580419,33810.0,120,98,571947.71071
2019-08-23,Yes,2023-11-03,217.0,217,146324.89778545854,146924.89778545854,32818125.98104545,113549.89778545854,32775.0,122,95,546072.1497399999
2019-08-30,Yes,2023-11-03,216.0,216,145584.4501774723,146184.4501774723,31339520.51158748,113154.45017747229,32430.0,122,94,520426.82659
2019-09-06,Yes,2023-11-03,215.0,215,143972.07893971883,144572.07893971883,30268874.131159723,110162.07893971883,33810.0,117,98,502088.0647799999
2019-09-13,Yes,2023-11-03,214.0,214,143621.0276632295,144221.0276632295,29037839.04193323,110846.02766322951,32775.0,119,95,480638.07273000013
2019-09-20,Yes,2023-11-03,213.0,213,142920.92417404003,143520.92417404003,28068278.03491404,109800.92417404002,33120.0,117,96,463860.6332599999
2019-09-27,Yes,2023-11-03,212.0,212,142580.2160277895,143180.2160277895,27194012.177507788,109805.21602778949,32775.0,117,95,448647.3435199999
2019-10-04,Yes,2023-11-03,211.0,211,145373.36691217145,145973.36691217145,26372272.770442173,114323.36691217145,31050.0,121,90,433644.84947
2019-10-11,Yes,2023-11-03,210.0,210,144766.6293370062,145366.6293370062,25265245.78334701,113716.62933700618,31050.0,120,90,414438.68198999995
2019-10-18,Yes,2023-11-03,209.0,209,143684.73993971883,144284.73993971883,24231117.15261972,111944.73993971883,31740.0,117,92,396622.23132
2019-10-25,Yes,2023-11-03,208.0,208,143236.74738250606,143836.74738250606,23277218.36509251,111841.74738250606,31395.0,117,91,380034.50229
2019-11-01,Yes,2023-11-03,207.0,207,142908.32879187184,143508.32879187184,22346344.319081873,111858.32879187183,31050.0,117,90,363854.42871
2019-11-08,Yes,2023-11-03,206.0,206,142118.91627198923,142718.91627198923,21787270.43325199,110378.91627198925,31740.0,114,92,354265.61302000005
2019-11-15,Yes,2023-11-03,205.0,205,141866.10351120992,142466.10351120992,20937579.428131208,111161.10351120992,30705.0,116,89,339466.73038
2019-11-22,Yes,2023-11-03,204.0,204,141519.83813526636,142119.83813526636,20328598.56328527,111504.83813526636,30015.0,117,87,328911.56785
2019-11-29,Yes,2023-11-10,204.0,204,142077.48896197736,142677.48896197736,26587579.832901977,112062.48896197737,30015.0,117,87,316328.29705999995
2019-12-06,Yes,2023-11-10,203.0,203,141614.1774940912,142214.1774940912,25737228.697934095,112634.17749409119,28980.0,119,84,305498.34456
2019-12-13,Yes,2023-11-10,202.0,202,141338.52819622023,141938.52819622023,24984516.936066225,112358.52819622021,28980.0,118,84,295838.72613
2019-12-20,Yes,2023-11-10,201.0,201,141000.5386853782,141600.5386853782,24194023.57872538,112020.5386853782,28980.0,117,84,285744.2839599999
2019-12-27,Yes,2023-11-10,200.0,200,140134.02974541602,140734.02974541602,23348237.724455416,111499.029745416,28635.0,117,83,275030.39428999997
2020-01-03,Yes,2023-11-10,199.0,199,139749.07788922876,140349.07788922876,22298430.95379923,111114.07788922876,28635.0,116,83,261592.81909
2020-01-10,Yes,2023-11-10,198.0,198,138991.89827198925,139591.89827198925,21151567.026501987,111391.89827198925,27600.0,118,80,246992.92877
2020-01-17,Yes,2023-11-10,197.0,197,138277.58423635334,138877.58423635334,20092508.295286357,110677.58423635334,27600.0,117,80,233517.22095
2020-01-24,Yes,2023-11-17,197.0,197,138456.55913526635,139056.55913526635,24119616.02281527,110856.55913526636,27600.0,117,80,219413.05032
2020-01-31,Yes,2023-11-17,196.0,196,137725.28396197737,138325.28396197737,22827025.181121975,110125.28396197737,27600.0,116,80,206478.26984000005
2020-02-07,Yes,2023-11-17,195.0,195,137728.38026505013,138328.38026505013,21673987.20569505,110473.38026505012,27255.0,116,79,194765.04856999998
2020-02-14,Yes,2023-11-17,194.0,194,136790.0136853782,137390.0136853782,21357319.731615376,108500.01368537819,28290.0,112,82,191791.04507
2020-02-21,Yes,2023-11-17,193.0,193,135992.94073720402,136592.94073720402,20129338.107747205,107702.94073720402,28290.0,111,82,179507.48199
2020-02-28,Yes,2023-11-24,193.0,193,136921.69184421437,137521.69184421437,22074683.612864215,108976.69184421437,27945.0,112,81,168242.61397999997
2020-03-06,Yes,2023-11-24,192.0,192,137421.5425112099,138021.5425112099,20971087.144591212,110511.54251120992,26910.0,114,78,158481.61591999998
2020-03-27,Yes,2023-12-15,194.0,194,140731.70951120992,141331.70951120992,20635485.277271207,114856.70951120992,25875.0,119,75,143001.92223999996
2020-04-03,Yes,2024-01-19,198.0,198,145749.0898863253,146349.0898863253,20957932.859866325,120219.08988632528,25530.0,124,74,3589142.38102
2020-04-09,Yes,2024-01-19,197.0,197,141144.63849409117,141744.63849409117,21529820.87824409,114579.63849409118,26565.0,120,77,3689117.83825
2020-04-17,Yes,2024-01-19,196.0,196,141434.35406611598,142034.35406611598,20246691.69448612,115214.35406611596,26220.0,120,76,3467200.10058
2020-04-24,Yes,2024-02-02,197.0,197,144790.94746518275,145390.94746518275,21636524.93884518,119605.94746518275,25185.0,124,73,3274986.4896199997
2020-05-01,Yes,2024-02-02,196.0,196,145694.31569873946,146294.31569873946,20353701.37863874,121199.31569873946,24495.0,125,71,3078579.07706
2020-05-08,Yes,2024-02-09,196.0,196,146359.4210179325,146959.4210179325,23678797.82433793,121864.4210179325,24495.0,125,71,2881472.08868
2020-05-15,Yes,2024-02-09,195.0,195,146678.5130985,147278.5130985,22214794.4438385,122528.5130985,24150.0,125,70,2701121.0262600007
2020-05-22,Yes,2024-02-09,194.0,194,146275.1133,146875.1133,20756255.222090002,122125.1133,24150.0,124,70,2521626.4882099996
2020-05-29,Yes,2024-06-28,213.0,213,166415.15899999999,167015.15899999999,20388520.29067,142610.15899999999,23805.0,144,69,2344447.7923299996
2020-06-05,Yes,2024-07-05,213.0,213,168832.76172006916,169432.76172006916,26176011.432660073,148132.76172006916,20700.0,153,60,2085453.7510600004
2020-06-12,Yes,2024-07-05,212.0,212,169704.9131866544,170304.9131866544,25238610.429816652,149349.9131866544,20355.0,153,59,2009184.4163700002
2020-06-19,Yes,2024-07-05,211.0,211,170315.80728153203,170915.80728153203,24265847.052641533,150305.80728153203,20010.0,153,58,1930072.4316399994
2020-06-26,Yes,2024-07-05,210.0,210,170794.6838800648,171394.6838800648,23356405.877960067,151474.6838800648,19320.0,154,56,1856163.2509200003
2020-07-02,Yes,2024-07-05,209.0,209,171099.23200000002,171699.23200000002,22424048.012519993,151779.23200000002,19320.0,153,56,1780430.6614799998
2020-07-10,Yes,2024-07-05,208.0,208,172507.63362837737,173107.63362837737,21309112.498838376,156292.63362837737,16215.0,161,47,1689610.9747900001
2020-07-17,Yes,2024-07-05,207.0,207,172278.45987883004,172878.45987883004,20708918.118148826,156063.45987883004,16215.0,160,47,1640981.8857299997
2020-07-24,Yes,2024-07-05,206.0,206,172153.54212328233,172753.54212328233,20131502.90593328,155938.54212328233,16215.0,159,47,1594121.31819
2020-07-31,Yes,2024-07-05,205.0,205,172212.65098400222,172812.65098400222,20488333.830634,156687.65098400222,15525.0,160,45,1623072.4283499997
2020-08-07,Yes,2024-08-16,210.0,210,177749.2357693801,178349.2357693801,20594459.385689378,163259.2357693801,14490.0,168,42,1575193.5240800001
2020-08-14,Yes,2024-08-16,209.0,209,177078.82753050732,177678.82753050732,20023201.949730508,163623.82753050732,13455.0,170,39,1530528.8727999998
2020-08-21,Yes,2024-08-23,209.0,209,178339.47389043757,178939.47389043757,22687428.02052044,165229.47389043757,13110.0,171,38,1487617.4873699998
2020-08-28,Yes,2024-08-23,208.0,208,177506.16761285893,178106.16761285893,22069609.68647286,164396.16761285893,13110.0,170,38,1446221.44314
2020-09-04,Yes,2024-08-23,207.0,207,177243.4738783339,177843.4738783339,21476661.690828335,165513.4738783339,11730.0,173,34,1406354.55805
2020-09-11,Yes,2024-08-23,206.0,206,177051.2148962029,177651.2148962029,21030296.210516203,164976.2148962029,12075.0,171,35,1376334.4453800002
2020-09-18,Yes,2024-08-23,205.0,205,176353.98040306498,176953.98040306498,20492268.835333064,164278.98040306498,12075.0,170,35,1340241.9030699998
2020-09-25,Yes,2024-09-13,207.0,207,178692.66617518177,179292.66617518177,31203717.33455518,166617.66617518177,12075.0,172,35,1305493.0396200002
2020-10-02,Yes,2024-09-13,206.0,206,178257.96622983902,178857.96622983902,30455163.61881984,166182.96622983902,12075.0,171,35,1273345.4274099998
2020-10-09,Yes,2024-09-13,205.0,205,177116.85225821915,177716.85225821915,29708718.278048217,164696.85225821915,12420.0,169,36,1241333.1672099996
2020-10-16,Yes,2024-09-13,204.0,204,177762.07125821916,178362.07125821916,29253153.247988217,165687.07125821916,12075.0,169,35,1221618.07827
2020-10-23,Yes,2024-09-13,203.0,203,177001.31291217147,177601.31291217147,28566819.42292217,164926.31291217147,12075.0,168,35,1192242.3089899998
2020-10-30,Yes,2024-09-13,202.0,202,176510.97833700618,177110.97833700618,27865157.687507007,165125.97833700618,11385.0,169,33,1162102.55883
2020-11-06,Yes,2024-09-13,201.0,201,176028.88293971884,176628.88293971884,27245266.13456972,164988.88293971884,11040.0,169,32,1135472.83637
2020-11-13,Yes,2024-09-13,200.0,200,175349.80938250606,175949.80938250606,26611942.642172508,164999.80938250606,10350.0,170,30,1108353.6302099999
2020-11-20,Yes,2024-09-13,199.0,199,174882.83879187182,175482.83879187182,26047425.840251874,164532.83879187182,10350.0,169,30,1084111.5315399999
2020-11-27,Yes,2024-09-13,198.0,198,173871.34717404,174471.34717404,25479312.83291404,164556.34717404,9315.0,171,27,1059770.00226
2020-12-04,Yes,2024-09-13,197.0,197,173495.6560277895,174095.6560277895,24940036.32555779,164180.6560277895,9315.0,170,27,1036619.1974699999
2020-12-11,Yes,2024-09-13,196.0,196,172926.56014621005,173526.56014621005,24439296.41177621,163956.56014621005,8970.0,170,26,1015178.9723699999
2020-12-18,Yes,2024-09-13,195.0,195,172487.98559924407,173087.98559924407,23976835.336829245,163517.98559924407,8970.0,169,26,995361.9837699998
2020-12-24,Yes,2024-09-13,194.0,194,171939.16414621004,172539.16414621004,23471005.640276216,163314.16414621004,8625.0,169,25,973648.4588700002
2020-12-31,Yes,2024-09-13,193.0,193,168114.45359924407,168714.45359924407,25332118.630509242,157764.45359924407,10350.0,163,30,1054566.46409
2021-01-08,Yes,2024-09-13,192.0,192,166138.96788922878,166738.96788922878,24811908.44038923,155443.96788922878,10695.0,161,31,1032559.9875000002
2021-01-15,Yes,2024-09-13,191.0,191,165683.87027198926,166283.87027198926,24299465.599591985,154988.87027198926,10695.0,160,31,1010584.62968
2021-01-22,Yes,2024-09-13,190.0,190,163837.86429591538,164437.86429591538,23781570.143815912,152452.86429591538,11385.0,157,33,988663.5734799999
2021-01-29,Yes,2024-09-13,189.0,189,162379.2793358042,162979.2793358042,23239127.356415804,150649.2793358042,11730.0,155,34,965532.3419199999
2021-02-05,Yes,2024-09-13,188.0,188,159557.09978545853,160157.09978545853,22651009.746665455,146792.09978545853,12765.0,151,37,940756.4521199998
2021-02-12,Yes,2024-09-13,187.0,187,159209.9472650501,159809.9472650501,22262299.544605047,146099.9472650501,13110.0,149,38,924096.0106600001
2021-02-19,Yes,2024-09-13,186.0,186,158087.73117404,158687.73117404,21756141.131324038,146012.73117404,12075.0,151,35,902512.9608499998
2021-02-26,Yes,2024-09-13,185.0,185,157764.7330277895,158364.7330277895,21384112.76946779,145689.7330277895,12075.0,150,35,886589.9175600002
2021-03-05,Yes,2024-09-13,184.0,184,156462.6056283774,157062.6056283774,20860958.939488377,144387.6056283774,12075.0,149,35,864326.2271400001
2021-03-12,Yes,2024-09-13,183.0,183,155984.38859924406,156584.38859924406,20481910.70031924,143219.38859924406,12765.0,146,37,848105.3202799999
2021-03-19,Yes,2024-09-13,182.0,182,154687.79929591538,155287.79929591538,20058164.987645917,143302.79929591538,11385.0,149,33,830134.13665
2021-03-26,Yes,2024-09-20,182.0,182,153113.31733580417,153713.31733580417,24698425.032495804,141383.31733580417,11730.0,148,34,809256.40484
2021-04-01,Yes,2024-09-20,181.0,181,151137.49887883005,151737.49887883005,24127141.77521883,138372.49887883005,12765.0,144,37,790132.3496600002
2021-04-09,Yes,2024-09-20,180.0,180,150141.38313526637,150741.38313526637,23778039.033375267,136686.38313526637,13455.0,141,39,778472.8837599998
2021-04-16,Yes,2024-09-20,179.0,179,147944.81593971883,148544.81593971883,23257672.19120972,134489.81593971883,13455.0,140,39,761128.27073
2021-04-23,Yes,2024-09-20,178.0,178,146317.81438250607,146917.81438250607,22810725.318922505,132517.81438250607,13800.0,138,40,746243.7404599999
2021-04-30,Yes,2024-09-20,177.0,177,142727.0977918718,143327.0977918718,22307705.92221187,127547.09779187181,15180.0,133,44,729769.60958
2021-05-07,Yes,2024-09-20,176.0,176,141242.58817404002,141842.58817404002,21829538.18411404,125717.58817404002,15525.0,131,45,713693.70806
2021-05-14,Yes,2024-09-20,175.0,175,139136.75027198927,139736.75027198927,21324068.01994199,123611.75027198925,15525.0,130,45,696908.4113300001
2021-05-21,Yes,2024-09-20,174.0,174,138542.24606920098,139142.24606920098,20986088.4603892,123362.24606920096,15180.0,130,44,685505.1366800001
2021-05-28,Yes,2024-09-20,173.0,173,136157.12728153204,136757.12728153204,20436232.453991532,120287.12728153203,15870.0,127,46,667276.35029
2021-06-04,Yes,2024-09-27,173.0,173,134138.3068962029,134738.3068962029,21990951.1119762,117923.30689620289,16215.0,126,47,650576.82792
2021-06-11,Yes,2024-09-27,172.0,172,132553.1742130528,133153.1742130528,21324631.33784305,116338.17421305277,16215.0,125,47,630319.62737
2021-06-18,Yes,2024-09-27,171.0,171,129608.67817518179,130208.67817518179,20782084.84230518,112013.67817518179,17595.0,120,51,614006.63587
2021-06-25,Yes,2024-09-27,170.0,170,127994.46322983902,128594.46322983902,20320814.081069835,110399.46322983902,17595.0,119,51,600110.1101599999
2021-07-02,Yes,2024-10-11,171.0,171,126391.26312328233,126991.26312328233,20849982.080373283,107761.26312328233,18630.0,117,54,583235.8227500002
2021-07-09,Yes,2024-10-11,170.0,170,124518.96013526636,125118.96013526636,20472870.322455272,103818.96013526636,20700.0,110,60,572600.9426800001
2021-07-16,Yes,2024-11-08,173.0,173,123886.69440676057,124486.69440676057,26128675.264456764,102151.69440676057,21735.0,110,63,558066.1959499998
2021-07-23,Yes,2024-11-08,172.0,172,121373.58972006917,121973.58972006917,25501763.02588007,98258.58972006917,23115.0,105,67,544506.50984
2021-07-30,Yes,2024-11-08,171.0,171,118790.67305158259,119390.67305158259,24692477.744661584,94985.67305158259,23805.0,102,69,526940.92339
2021-08-06,Yes,2024-11-08,170.0,170,117928.42543349334,118528.42543349334,24090198.632683497,93433.42543349334,24495.0,99,71,513670.66675
2021-08-13,Yes,2024-11-08,169.0,169,116476.90601769698,117076.90601769698,23397564.316877693,92326.90601769698,24150.0,99,70,498482.93714
2021-08-20,Yes,2024-11-08,168.0,168,115169.92529923155,115769.92529923155,22717342.931819234,91019.92529923155,24150.0,98,70,483544.88748
2021-08-27,Yes,2024-11-08,167.0,167,113426.64929591537,114026.64929591537,22007062.386985913,88931.64929591537,24495.0,96,71,468052.62131
2021-09-03,Yes,2024-11-08,166.0,166,111392.23694397399,111992.23694397399,21273826.619883977,86897.23694397399,24495.0,95,71,452079.7250600001
2021-09-10,Yes,2024-11-08,165.0,165,108354.51474763913,108954.51474763913,20682024.63531764,81789.51474763913,26565.0,88,77,439467.03543
2021-09-17,Yes,2024-11-08,164.0,164,106741.67191217146,107341.67191217146,20041965.11166217,80521.67191217146,26220.0,88,76,425492.15124999994
2021-09-24,Yes,2024-11-22,165.0,165,105840.52833700618,106440.52833700618,22271536.400527004,78930.52833700618,26910.0,87,78,412224.34180999995
2021-10-01,Yes,2024-11-22,164.0,164,104796.84193971883,105396.84193971883,21624388.704489715,77886.84193971883,26910.0,86,78,399815.16745000007
2021-10-08,Yes,2024-11-22,163.0,163,103639.10988922877,104239.10988922877,21279997.852449223,76039.10988922877,27600.0,83,80,393268.15144
2021-10-15,Yes,2024-11-22,162.0,162,107721.15888006479,108321.15888006479,21059195.307980068,82881.15888006479,24840.0,90,72,388109.61989999993
2021-10-22,Yes,2024-11-22,161.0,161,106111.04529923155,106711.04529923155,20623190.10516923,80236.04529923155,25875.0,86,75,379982.63913
2021-10-29,Yes,2024-11-22,160.0,160,104939.72226505012,105539.72226505012,20220540.69168505,78719.72226505012,26220.0,84,76,372347.74658000004
2021-11-05,Yes,2024-12-06,161.0,161,104092.983856229,104692.983856229,20745565.98708623,76837.983856229,27255.0,82,79,361940.09776999993
2021-11-12,Yes,2024-12-06,160.0,160,101716.77885622895,102316.77885622895,20023533.983896226,74116.77885622895,27600.0,80,80,349112.77995999996
2021-11-19,Yes,2024-12-20,161.0,161,101109.91707405944,101709.91707405944,20811940.763504058,73509.91707405944,27600.0,81,80,337976.50357000006
2021-11-26,Yes,2024-12-20,160.0,160,99452.94440306498,100052.94440306498,20258224.552263066,71162.94440306498,28290.0,78,82,328693.14214
2021-12-03,Yes,2024-12-27,160.0,160,98629.54251120992,99229.54251120992,21680529.41131121,68959.54251120992,29670.0,74,86,321386.2312
2021-12-10,Yes,2024-12-27,159.0,159,97990.39633580418,98590.39633580418,21261416.608275805,68320.39633580418,29670.0,73,86,314874.83506
2021-12-17,Yes,2024-12-27,158.0,158,96801.09678545855,97401.09678545855,20563962.109415453,67131.09678545855,29670.0,72,86,304189.14936999994
2021-12-23,Yes,2024-12-27,157.0,157,96171.48538250604,96771.48538250604,20122300.079822507,66156.48538250604,30015.0,70,87,297323.82256
2021-12-31,Yes,2025-01-24,160.0,160,96831.60679187182,97431.60679187182,20461398.308131866,65436.60679187182,31395.0,69,91,3748903.777659999
2022-01-07,Yes,2025-01-31,160.0,160,95032.37843349333,95632.37843349333,22628356.207453493,63292.37843349333,31740.0,68,92,3624178.89098
2022-01-14,Yes,2025-01-31,159.0,159,93934.55993971882,94534.55993971882,21944219.65934972,61504.55993971882,32430.0,65,94,3514187.5335899997
2022-01-21,Yes,2025-01-31,158.0,158,92375.79938250605,92975.79938250605,21312859.411742505,60290.799382506055,32085.0,65,93,3412809.06164
2022-01-28,Yes,2025-01-31,157.0,157,91841.46179187181,92441.46179187181,20766888.323101874,59756.46179187182,32085.0,64,93,3324955.73969
2022-02-04,Yes,2025-01-31,156.0,156,91388.16317404002,91988.16317404002,20226297.875934035,59303.16317404002,32085.0,63,93,3237944.29824
2022-02-11,Yes,2025-02-07,156.0,156,89864.8750277895,90464.8750277895,21799123.908367787,56744.87502778949,33120.0,60,96,3134189.4246599996
2022-02-18,Yes,2025-02-07,155.0,155,89154.44414621004,89754.44414621004,21299027.41866621,56034.44414621004,33120.0,59,96,3061975.11348
2022-02-25,Yes,2025-02-07,154.0,154,88210.68799160671,88810.68799160671,20416047.790031604,56125.687991606705,32085.0,61,93,2934381.61896
2022-03-04,Yes,2025-02-07,153.0,153,87144.78472006918,87744.78472006918,20055236.730280068,55749.784720069176,31395.0,62,91,2882408.7894400004
2022-03-11,Yes,2025-02-14,153.0,153,86305.24317231501,86905.24317231501,24647378.641212314,54910.24317231501,31395.0,62,91,2793606.00196
2022-03-18,Yes,2025-02-14,152.0,152,85359.38706920095,85959.38706920095,23848661.9783592,53964.38706920096,31395.0,61,91,2702637.35071
2022-03-25,Yes,2025-02-14,151.0,151,84285.94540306496,84885.94540306496,23172138.428233065,52200.945403064965,32085.0,58,93,2625654.81017
2022-04-01,Yes,2025-02-14,150.0,150,82879.63507405942,83479.63507405942,22298400.497654058,51484.63507405942,31395.0,59,91,2526233.48642
2022-04-08,Yes,2025-02-14,149.0,149,80558.82822983903,81158.82822983903,21452119.38222984,48818.828229839026,31740.0,57,92,2430167.051
2022-04-14,Yes,2025-02-14,148.0,148,78862.05053050729,79462.05053050729,21026896.48109051,46087.050530507295,32775.0,53,95,2382021.0654400005
2022-04-22,Yes,2025-02-14,147.0,147,76633.6630934568,77233.6630934568,20463505.457613457,42823.663093456795,33810.0,49,98,2318222.08948
2022-04-29,Yes,2025-02-14,146.0,146,76200.98723635335,76800.98723635335,20058658.23323635,42045.98723635335,34155.0,47,99,2272101.528999999
2022-05-06,Yes,2025-04-11,153.0,153,77859.00223764012,78459.00223764012,28365204.83527764,40944.002237640125,36915.0,46,107,2190766.2499599997
2022-05-13,Yes,2025-04-11,152.0,152,76182.01596197738,76782.01596197738,27629703.79919198,38577.01596197738,37605.0,43,109,2133884.63877
2022-05-20,Yes,2025-04-11,151.0,151,75531.05526505012,76131.05526505012,26949051.646205053,37926.05526505012,37605.0,42,109,2081037.4290600002
2022-05-27,Yes,2025-04-11,150.0,150,74220.66819622021,74820.66819622021,26228924.629516218,36270.66819622021,37950.0,40,110,2025273.2836799999
2022-06-03,Yes,2025-04-11,149.0,149,72529.5352281884,73129.5352281884,25184611.566798188,34579.5352281884,37950.0,39,110,1944347.32943
2022-06-10,Yes,2025-04-11,148.0,148,70943.48479252472,71543.48479252472,24088324.405092523,32993.48479252471,37950.0,38,110,1859358.5687000002
2022-06-17,Yes,2025-04-11,147.0,147,69566.92544739209,70166.92544739209,23047269.553517394,32306.925447392096,37260.0,39,108,1778617.48293
2022-06-24,Yes,2025-04-11,146.0,146,67824.04551120993,68424.04551120993,22331650.227991212,28494.045511209923,39330.0,32,114,1723297.6835200002
2022-07-01,Yes,2025-04-11,145.0,145,66705.48473720401,67305.48473720401,21306095.3264072,28410.484737204013,38295.0,34,111,1643701.24933
2022-07-08,Yes,2025-04-11,144.0,144,65670.91484421436,66270.91484421436,20930902.604494218,27030.914844214367,38640.0,32,112,1614726.1653500004
2022-07-15,Yes,2025-04-11,143.0,143,65048.35096197738,65648.35096197738,20245471.409021974,27098.35096197738,37950.0,33,110,1561500.4699399997
2022-07-22,Yes,2025-04-25,144.0,144,65221.27326505012,65821.27326505011,36889537.470495045,26926.27326505012,38295.0,33,111,1508074.41877
2022-07-29,Yes,2025-04-25,143.0,143,64556.91619622021,65156.91619622021,35735219.78905622,26261.916196220212,38295.0,32,111,1460571.64914
2022-08-05,Yes,2025-04-25,142.0,142,63864.35223635334,64464.35223635334,34402075.667436354,25224.352236353345,38640.0,30,112,1405694.5788000003
2022-08-12,Yes,2025-04-25,141.0,141,62201.749878333925,62801.749878333925,32946430.869708337,23906.74987833393,38295.0,30,111,1345997.3241699997
2022-08-19,Yes,2025-04-25,140.0,140,61095.90943349335,61695.90943349335,31711710.937823497,22110.90943349335,38985.0,27,113,1295284.8376099998
2022-08-26,Yes,2025-04-25,139.0,139,60020.18701769698,60620.18701769698,30366658.480107702,21035.187017696982,38985.0,26,113,1239992.05791
2022-09-02,Yes,2025-04-25,138.0,138,58990.60475746824,59590.60475746824,29045841.91942747,20695.604757468238,38295.0,27,111,1185715.63533
2022-09-09,Yes,2025-04-25,137.0,137,58977.73391036763,59577.73391036763,27820878.14910037,21027.733910367628,37950.0,27,110,1135143.8278100002
2022-09-16,Yes,2025-04-25,136.0,136,58203.55840676057,58803.55840676057,26439743.56796676,20598.558406760567,37605.0,27,109,1078308.0404400001
2022-09-23,Yes,2025-04-25,135.0,135,57747.057528000536,58347.057528000536,25302791.788718,20142.057528000536,37605.0,26,109,1031473.4438099997
2022-09-30,Yes,2025-04-25,134.0,134,57041.48643349335,57641.48643349335,24207790.697323494,19436.486433493348,37605.0,25,109,986436.1801099998
2022-10-07,Yes,2025-04-25,133.0,133,56568.24901769699,57168.24901769699,23173159.695527695,18963.249017696988,37605.0,24,109,943830.3144900001
2022-10-14,Yes,2025-04-25,132.0,132,57309.886685378195,57909.886685378195,22220724.56965538,20394.886685378195,36915.0,25,107,904337.4970299999
2022-10-21,Yes,2025-04-25,131.0,131,57192.73543655651,57792.73543655651,21211135.06619656,20622.73543655651,36570.0,25,106,862675.80924
2022-10-28,Yes,2025-04-25,130.0,130,56648.05884421436,57248.05884421436,20169629.202914216,21113.058844214367,35535.0,27,103,819806.27093
2022-11-04,Yes,2025-05-02,130.0,130,55984.790403064966,56584.790403064966,27570073.965343066,20794.790403064966,35190.0,28,102,774792.8630600001
2022-11-11,Yes,2025-05-02,129.0,129,54931.065536228954,55531.065536228954,26993996.486076232,18361.065536228954,36570.0,23,106,758568.8884600002
2022-11-18,Yes,2025-05-02,128.0,128,54375.01001160664,54975.01001160664,25816688.176281605,17805.01001160664,36570.0,22,106,725078.82973
2022-11-25,Yes,2025-05-02,127.0,127,54209.54701000633,54809.54701000633,24690555.07978001,17639.547010006332,36570.0,21,106,692958.23723
2022-12-02,Yes,2025-05-02,126.0,126,53862.954299231555,54462.954299231555,23598777.389529232,17637.95429923155,36225.0,21,105,661858.44177
2022-12-09,Yes,2025-05-02,125.0,125,54061.09833700617,54661.09833700617,22524273.897267006,18871.098337006177,35190.0,23,102,631122.44007
2022-12-16,Yes,2025-05-02,124.0,124,53846.51333580417,54446.51333580417,21537139.348315805,19346.51333580417,34500.0,24,100,602981.10402
2022-12-23,Yes,2025-05-02,123.0,123,53391.603785458545,53991.603785458545,20605855.830155462,18891.60378545855,34500.0,23,100,576486.0256299999
2022-12-30,Yes,2025-05-09,123.0,123,53608.30117747228,54208.30117747228,20956216.714907475,19453.301177472284,34155.0,24,99,550231.8172699999
2023-01-06,Yes,2025-05-09,122.0,122,53039.203720069185,53639.203720069185,20025695.053310074,19229.203720069185,33810.0,24,98,525407.2544099999
2023-01-13,Yes,2025-05-16,122.0,122,53142.409172315005,53742.409172315005,26104287.958772317,19677.409172315005,33465.0,25,97,501179.21839999995
2023-01-20,Yes,2025-05-16,121.0,121,52343.55653345685,52943.55653345685,24897119.08302346,19913.55653345685,32430.0,27,94,477638.47851000004
2023-01-27,Yes,2025-05-16,120.0,120,51950.19887818843,52550.19887818843,23808481.720348194,19520.198878188425,32430.0,26,94,456345.41753000004
2023-02-03,Yes,2025-05-16,119.0,119,51815.204872524846,52415.204872524846,22759978.881162528,21110.204872524842,30705.0,30,89,435765.83771000005
2023-02-10,Yes,2025-05-16,118.0,118,51242.50426505012,51842.50426505012,22559684.08826505,19502.50426505012,31740.0,26,92,431968.819
2023-02-17,Yes,2025-05-16,117.0,117,50440.89022983902,51040.89022983902,21661455.79225984,18700.890229839017,31740.0,25,92,414503.59397
2023-02-24,Yes,2025-05-16,116.0,116,49423.66025821916,50023.66025821916,20645326.656538222,17683.660258219163,31740.0,24,92,394769.00172
2023-03-03,Yes,2025-05-23,116.0,116,48977.35791217146,49577.35791217146,23383464.451132175,17237.357912171454,31740.0,24,92,375472.12178
2023-03-10,Yes,2025-05-23,115.0,115,48048.82733700617,48648.82733700617,22288226.982747007,16308.827337006174,31740.0,23,92,357606.3075899999
2023-03-17,Yes,2025-05-23,114.0,114,47197.62793971882,47797.62793971882,21239533.37960972,15457.627939718823,31740.0,22,92,340483.34533000004
2023-03-24,Yes,2025-05-23,113.0,113,45001.90118665433,45601.90118665433,23075328.613666657,12916.901186654333,32085.0,20,93,371323.25252
2023-03-31,Yes,2025-05-23,112.0,112,44819.03762837738,45419.03762837738,22047512.12271838,12734.037628377384,32085.0,19,93,354380.09391
2023-04-06,Yes,2025-05-23,111.0,111,44081.429174040015,44681.429174040015,20956210.15148404,11996.429174040017,32085.0,18,93,336527.30668999994
2023-04-14,Yes,2025-05-30,111.0,111,43735.06302778949,44335.06302778949,22270022.99702779,11305.06302778949,32430.0,17,94,319014.80700000003
2023-04-21,Yes,2025-05-30,110.0,110,43000.35098400223,43600.35098400223,21516244.182824004,10225.35098400223,32775.0,15,95,308073.49816
2023-04-28,Yes,2025-05-30,109.0,109,42544.68676938017,43144.68676938017,20557186.93481938,9769.68676938017,32775.0,14,95,294024.24095
2023-05-05,Yes,2025-06-06,109.0,109,42378.39253050732,42978.39253050732,22661894.159890506,9948.392530507324,32430.0,15,94,280306.53564
2023-05-12,Yes,2025-06-06,108.0,108,42295.94773720401,42895.94773720401,21588891.510217205,9865.947737204013,32430.0,14,94,266631.16252
2023-05-19,Yes,2025-06-06,107.0,107,41824.72284421437,42424.72284421437,20425028.460114215,9394.722844214368,32430.0,13,94,251880.80873000005
2023-05-26,Yes,2025-06-27,109.0,109,42311.38251120992,42911.38251120992,22151408.375841208,8846.38251120992,33465.0,12,97,238683.24267000004
2023-06-02,Yes,2025-06-27,108.0,108,41532.08288632528,42132.08288632528,20988438.34688633,8067.082886325283,33465.0,11,97,225868.257
2023-06-09,Yes,2025-07-18,110.0,110,42118.67549409118,42718.67549409118,22401776.503874093,7963.675494091181,34155.0,11,99,213317.73061999996
2023-06-16,Yes,2025-07-18,109.0,109,42086.54840676057,42686.54840676057,21270724.445296764,8276.548406760574,33810.0,11,98,202122.12711
2023-06-23,Yes,2025-07-18,108.0,108,41855.069465182736,42455.069465182736,20246171.946395185,8390.069465182738,33465.0,11,97,192024.84007
2023-06-30,Yes,2025-07-25,108.0,108,41726.37484421437,42326.37484421437,20959721.35410422,8261.374844214366,33465.0,11,97,180012.10774
2023-07-07,Yes,2025-08-08,109.0,109,42030.62151120992,42630.62151120992,20940912.59203121,8220.621511209922,33810.0,11,98,169689.73947999996
2023-07-14,Yes,2025-08-15,109.0,109,41758.16351120992,42358.16351120992,20184004.19409121,9328.163511209921,32430.0,15,94,154501.63842000003
2023-07-21,Yes,2025-10-03,115.0,115,43809.16429923157,44409.16429923157,21160858.49110923,9654.164299231568,34155.0,16,99,141715.11018999998
2023-07-28,Yes,2025-10-03,114.0,114,43894.48972006916,44494.48972006916,20132355.08516007,10084.489720069167,33810.0,16,98,134414.59256
2023-08-04,Yes,2025-10-31,117.0,117,44799.17029923155,45399.17029923155,20369989.457639232,9954.170299231548,34845.0,16,101,125902.40066000003
2023-08-11,Yes,2025-12-05,121.0,121,46569.24229591538,47169.24229591538,25116821.543935917,10344.242295915374,36225.0,16,105,119706.22136000001
2023-08-18,Yes,2025-12-05,120.0,120,46828.257335804185,47428.257335804185,23960845.724495806,10603.257335804185,36225.0,15,105,113766.97183999997
2023-08-25,Yes,2025-12-05,119.0,119,46420.94149409118,47020.94149409118,21008092.82553409,11575.94149409118,34845.0,18,101,98846.37596000002
2023-09-01,Yes,2026-02-13,128.0,128,49768.87352800054,50368.87352800054,20992757.676327996,11818.873528000542,37950.0,18,110,2384745.5331999995
2023-09-08,Yes,2026-02-13,127.0,127,49548.809433493356,50148.809433493356,20046771.524593495,11598.809433493352,37950.0,17,110,2276803.3518400006
2023-09-15,Yes,2026-02-20,127.0,127,50051.41891217146,50651.41891217146,23494059.99815217,12101.418912171455,37950.0,17,110,2171840.828760001
2023-09-22,Yes,2026-02-20,126.0,126,49828.379299231565,50428.379299231565,22448834.077759232,11878.379299231567,37950.0,16,110,2074752.0755399999
2023-09-29,Yes,2026-02-20,125.0,125,50017.01729591537,50617.01729591537,21422360.54028591,12067.01729591537,37950.0,15,110,1979307.0410100003
2023-10-06,Yes,2026-02-20,124.0,124,49822.3203,50422.3203,20422019.52211,11872.3203,37950.0,14,110,1886382.1111899996
2023-10-13,Yes,2026-03-06,125.0,125,50539.80378545855,51139.80378545855,22212462.353705462,12589.803785458547,37950.0,15,110,1801941.02508
2023-10-20,Yes,2026-03-06,124.0,124,50385.580177472286,50985.580177472286,21188331.993527472,13125.58017747229,37260.0,16,108,1718358.9236500005
2023-10-27,Yes,2026-03-06,123.0,123,50726.425146210044,51326.425146210044,20654846.052516207,13121.425146210044,37605.0,14,109,1674718.1546300002
2023-11-03,Yes,2026-03-13,123.0,123,51189.54488922877,51789.54488922877,25908285.45125923,17034.544889228764,34155.0,24,99,1594358.6616299998
2023-11-10,Yes,2026-03-13,122.0,122,51348.14688922876,51948.14688922876,25694044.03992923,16503.14688922876,34845.0,21,101,1581043.74796
2023-11-17,Yes,2026-03-13,121.0,121,50479.245069200966,51079.245069200966,24649376.9432792,15634.245069200966,34845.0,20,101,1516482.9367899997
2023-11-24,Yes,2026-03-13,120.0,120,49311.45928153202,49911.45928153202,23459343.00010153,14466.459281532023,34845.0,19,101,1442987.6081800002
2023-12-01,Yes,2026-03-13,119.0,119,48389.651135266366,48989.651135266366,22608218.02166526,12854.651135266362,35535.0,16,103,1390435.37347
2023-12-08,Yes,2026-03-13,118.0,118,47855.587027789494,48455.587027789494,21983794.168787792,12320.587027789494,35535.0,15,103,1351855.3572400003
2023-12-15,Yes,2026-03-13,117.0,117,47091.72714621004,47691.72714621004,20835251.30620621,12591.72714621004,34500.0,17,100,1280831.1019400002
2023-12-22,Yes,2026-04-02,119.0,119,47172.21659924406,47772.21659924406,25922524.396199245,11637.216599244059,35535.0,16,103,1217612.7504
2023-12-29,Yes,2026-04-02,118.0,118,46965.12868537819,47565.12868537819,25473829.105215378,10740.128685378193,36225.0,13,105,1196398.19647
2024-01-05,Yes,2026-04-02,117.0,117,46466.779737204015,47066.779737204015,25023252.799637206,11966.779737204015,34500.0,17,100,1175171.3540999999
2024-01-12,Yes,2026-04-02,116.0,116,46041.69127198925,46641.69127198925,24118174.641491987,11886.69127198925,34155.0,17,99,1132386.27478
2024-01-19,Yes,2026-04-02,115.0,115,45313.554236353346,45913.554236353346,22778648.458126355,11158.554236353344,34155.0,16,99,1069083.8051099998
2024-01-26,Yes,2026-04-02,114.0,114,44239.43713526636,44839.43713526636,21463376.48473527,10084.437135266362,34155.0,15,99,1007020.2654000003
2024-02-02,Yes,2026-04-02,113.0,113,43316.66396197738,43916.66396197738,20172314.304001972,8816.663961977378,34500.0,13,100,946065.7049599995
2024-02-09,Yes,2026-04-10,113.0,113,42696.50026505012,43296.50026505012,29826691.363155052,8196.50026505012,34500.0,13,100,893780.8181100005
2024-02-16,Yes,2026-04-10,112.0,112,42018.74488632528,42618.74488632528,28849128.159036323,7173.744886325283,34845.0,11,101,864328.7748499999
2024-02-23,Yes,2026-04-10,111.0,111,41191.366494091184,41791.366494091184,27478271.25327409,6691.366494091179,34500.0,11,100,823009.99222
2024-03-01,Yes,2026-04-10,110.0,110,40372.02488632528,40972.02488632528,25840493.303236328,5872.024886325283,34500.0,10,100,773605.12765
2024-03-08,Yes,2026-04-10,109.0,109,39493.93149409118,40093.93149409118,24160185.88172409,4993.931494091179,34500.0,9,100,722926.1327700001
2024-03-15,Yes,2026-04-10,108.0,108,38860.07606611596,39460.07606611596,22524004.94396612,4015.076066115961,34845.0,7,101,673518.9521
2024-03-22,Yes,2026-04-10,107.0,107,38242.69946518274,38842.69946518274,21056268.762835182,3397.699465182738,34845.0,6,101,629213.5716300003
2024-03-28,Yes,2026-04-10,106.0,106,37208.97349409118,37808.97349409118,22224609.54479409,2708.97349409118,34500.0,6,100,664841.3557
2024-04-05,Yes,2026-04-17,106.0,106,36705.589961977385,37305.589961977385,23439801.34324198,2205.5899619773795,34500.0,6,100,597658.4877200002
2024-04-12,Yes,2026-04-17,105.0,105,36108.31126505013,36708.31126505013,22010473.10986505,1953.3112650501255,34155.0,6,99,560861.6193999999
2024-04-19,Yes,2026-04-17,104.0,104,35715.12419622021,36315.12419622021,20649278.54397622,2250.1241962202116,33465.0,7,97,525773.5172199998
2024-04-26,Yes,2026-05-08,106.0,106,36708.07568537819,37308.07568537819,30542382.66845538,2208.075685378195,34500.0,6,100,491112.74423000007
2024-05-03,Yes,2026-05-08,105.0,105,36409.43573720401,37009.43573720401,28528014.0008972,1909.435737204014,34500.0,5,100,458275.92184000014
2024-05-10,Yes,2026-05-08,104.0,104,36455.59584421437,37055.59584421437,26623368.642214213,2990.595844214365,33465.0,7,97,427153.07462999976
2024-05-17,Yes,2026-05-08,103.0,103,36291.03351120992,36891.03351120992,24812142.63802121,2826.033511209919,33465.0,6,97,397595.17248999997
2024-05-24,Yes,2026-05-08,102.0,102,36080.408886325284,36680.408886325284,22970768.034226328,2615.408886325283,33465.0,5,97,367571.2666600001
2024-05-31,Yes,2026-05-08,101.0,101,35663.05149409118,36263.05149409118,21335739.55420409,2198.0514940911803,33465.0,4,97,340953.15529
2024-06-07,No,Not reached by 2026-08-12,,114,40267.676066115964,40867.676066115964,12096064.829016121,3007.676066115961,37260.0,6,108,316060.53404999996
2024-06-14,No,Not reached by 2026-08-12,,113,39931.93446518274,40531.93446518274,11130503.659565184,3016.9344651827387,36915.0,6,107,290294.16190000006
2024-06-21,No,Not reached by 2026-08-12,,112,39498.92169873946,40098.92169873946,10198919.850278737,2928.921698739463,36570.0,6,106,265468.17442000005
2024-06-28,No,Not reached by 2026-08-12,,111,38970.6200179325,39570.6200179325,9385693.65421793,2400.6200179325,36570.0,5,106,243836.56080000006
2024-07-05,No,Not reached by 2026-08-12,,110,38592.3920985,39192.3920985,8594901.916128498,2022.3920985000002,36570.0,4,106,222763.28897000002
2024-07-12,No,Not reached by 2026-08-12,,109,37987.6273,38587.6273,7819931.998800002,1417.6273,36570.0,3,106,202170.4025
2024-07-19,No,Not reached by 2026-08-12,,108,37374.095,37974.095,6969033.412299997,804.095,36570.0,2,106,179544.11570000008
2024-07-26,No,Not reached by 2026-08-12,,107,36480.51669873946,37080.51669873946,5629530.528658741,1635.5166987394628,34845.0,6,101,143907.99803999998
2024-08-02,No,Not reached by 2026-08-12,,106,36077.56873720401,36677.56873720401,5121446.393857203,1577.5687372040138,34500.0,6,100,130410.08188000004
2024-08-09,No,Not reached by 2026-08-12,,105,36165.86484421437,36765.86484421437,4781144.070054214,1665.8648442143663,34500.0,5,100,121269.97778999998
2024-08-16,No,Not reached by 2026-08-12,,104,36090.036511209924,36690.036511209924,4497349.928401209,1590.0365112099212,34500.0,4,100,113698.23610999995
2024-08-23,No,Not reached by 2026-08-12,,103,35976.37988632528,36576.37988632528,4187289.225356327,1476.3798863252823,34500.0,3,100,105429.17353000004
2024-08-30,No,Not reached by 2026-08-12,,102,35675.31049409118,36275.31049409118,3916574.077644091,1520.3104940911808,34155.0,3,99,98254.66484999999
2024-09-06,No,Not reached by 2026-08-12,,101,35508.51606611596,36108.51606611596,3647408.3491261182,3078.516066115961,32430.0,7,94,91095.97993999996
2024-09-13,No,Not reached by 2026-08-12,,100,35319.05446518274,35919.05446518274,3388413.573445182,3234.0544651827377,32085.0,7,93,84203.10902
2024-09-20,No,Not reached by 2026-08-12,,99,34966.67969873946,35566.67969873946,3128790.776298741,2881.6796987394628,32085.0,6,93,77342.09539999996
2024-09-27,No,Not reached by 2026-08-12,,98,34461.4700179325,35061.4700179325,2924161.284217932,2376.4700179325,32085.0,5,93,71985.4368
2024-10-04,No,Not reached by 2026-08-12,,97,33916.9750985,34516.9750985,2689263.4139285013,1831.9750985000003,32085.0,4,93,65827.23717
2024-10-11,No,Not reached by 2026-08-12,,96,33495.2443,34095.2443,2479366.8226399994,1410.2443,32085.0,3,93,60308.26366000001
2024-10-18,No,Not reached by 2026-08-12,,95,32983.532999999996,33583.532999999996,2260955.9578200006,898.533,32085.0,2,93,54584.85718000001
2024-10-25,No,Not reached by 2026-08-12,,94,32513.925,33113.925,2074364.5936100003,428.92499999999995,32085.0,1,93,49697.15639000001
2024-11-01,No,Not reached by 2026-08-12,,93,32302.177889228762,32902.17788922876,1875591.115479229,4357.177889228762,27945.0,12,81,44434.12941
2024-11-08,No,Not reached by 2026-08-12,,92,32271.338271989247,32871.33827198925,1768712.8363119892,4671.338271989246,27600.0,12,80,41583.64395999998
2024-11-15,No,Not reached by 2026-08-12,,91,32046.717236353343,32646.717236353343,1662320.041396354,4791.717236353344,27255.0,12,79,38787.82284
2024-11-22,No,Not reached by 2026-08-12,,90,31828.568135266363,32428.568135266363,1557032.438765266,5263.568135266361,26565.0,13,77,36018.85537000001
2024-11-29,No,Not reached by 2026-08-12,,89,31428.308961977375,32028.308961977375,1461144.6564719775,4863.308961977376,26565.0,12,77,33551.44848999999
2024-12-06,No,Not reached by 2026-08-12,,88,31172.81026505012,31772.81026505012,1368674.50268505,5297.810265050121,25875.0,13,75,31132.902579999998
2024-12-13,No,Not reached by 2026-08-12,,87,30800.16219622021,31400.16219622021,1282430.9870762203,4925.1621962202125,25875.0,12,75,28914.00012000001
2024-12-20,No,Not reached by 2026-08-12,,86,30391.769685378193,30991.769685378193,1191943.5669853778,5206.769685378194,25185.0,13,73,26588.8717
2024-12-27,No,Not reached by 2026-08-12,,85,30053.592737204013,30653.592737204013,1116245.6832672039,4868.592737204013,25185.0,12,73,24640.817470000016
2025-01-03,No,Not reached by 2026-08-12,,84,29659.371844214365,30259.371844214365,1033543.0533342145,4474.371844214366,25185.0,11,73,22526.139510000005
2025-01-10,No,Not reached by 2026-08-12,,83,29293.973511209922,29893.973511209922,960800.4785212097,4108.973511209921,25185.0,10,73,20662.788989999994
2025-01-17,No,Not reached by 2026-08-12,,82,28959.861886325285,29559.861886325285,1055241.8258863254,3774.8618863252827,25185.0,9,73,0.0
2025-01-24,No,Not reached by 2026-08-12,,81,28613.43649409118,29213.43649409118,972109.2694940912,3773.4364940911796,24840.0,9,72,0.0
2025-01-31,No,Not reached by 2026-08-12,,80,28223.54206611596,28823.54206611596,894711.4880661158,3383.542066115961,24840.0,8,72,0.0
2025-02-07,No,Not reached by 2026-08-12,,79,27780.87346518274,28380.87346518274,815445.8184651828,2940.8734651827385,24840.0,7,72,0.0
2025-02-14,No,Not reached by 2026-08-12,,78,27377.85269873946,27977.85269873946,739754.0686987395,2537.8526987394625,24840.0,6,72,0.0
2025-02-21,No,Not reached by 2026-08-12,,77,26519.193698739462,27119.193698739462,626136.1846987396,2024.1936987394624,24495.0,6,71,0.0
2025-02-28,No,Not reached by 2026-08-12,,76,26093.2190179325,26693.2190179325,575741.3760179324,1598.2190179325,24495.0,5,71,0.0
2025-03-07,No,Not reached by 2026-08-12,,75,25704.8020985,26304.8020985,515501.0710985002,1209.8020985,24495.0,4,71,0.0
2025-03-14,No,Not reached by 2026-08-12,,74,25403.476300000002,26003.476300000002,461360.3793,908.4763,24495.0,3,71,0.0
2025-03-21,No,Not reached by 2026-08-12,,73,25108.309999999998,25708.309999999998,404238.39999999985,613.31,24495.0,2,71,0.0
2025-03-28,No,Not reached by 2026-08-12,,72,25433.542,26033.542,361788.37,1283.542,24150.0,2,70,0.0
2025-04-04,No,Not reached by 2026-08-12,,71,26911.327,27511.327,313073.82999999996,4486.327,22425.0,6,65,0.0
2025-04-11,No,Not reached by 2026-08-12,,70,27523.506229839037,28123.506229839037,286753.952229839,6133.506229839037,21390.0,8,62,0.0
2025-04-17,No,Not reached by 2026-08-12,,69,28846.45725821916,29446.45725821916,274808.38725821924,8146.457258219161,20700.0,9,60,0.0
2025-04-25,No,Not reached by 2026-08-12,,68,30449.551,31049.551,255887.50000000003,11474.551,18975.0,13,55,0.0
2025-05-02,No,Not reached by 2026-08-12,,67,30377.701236353347,30977.701236353347,241906.8602363533,14852.701236353347,15525.0,22,45,0.0
2025-05-09,No,Not reached by 2026-08-12,,66,29964.926135266363,30564.926135266363,231829.9681352664,14784.926135266363,15180.0,22,44,0.0
2025-05-16,No,Not reached by 2026-08-12,,65,29640.405961977376,30240.405961977376,222611.87696197742,14460.405961977376,15180.0,21,44,0.0
2025-05-23,No,Not reached by 2026-08-12,,64,29203.16126505012,29803.16126505012,214978.3922650501,14023.16126505012,15180.0,20,44,0.0
2025-05-30,No,Not reached by 2026-08-12,,63,28650.814196220213,29250.814196220213,206382.99119622022,14160.814196220213,14490.0,21,42,0.0
2025-06-06,No,Not reached by 2026-08-12,,62,27982.18822983902,28582.18822983902,197730.7432298392,14182.18822983902,13800.0,22,40,0.0
2025-06-13,No,Not reached by 2026-08-12,,61,26869.66925821916,27469.66925821916,187753.40325821916,12724.669258219163,14145.0,20,41,0.0
2025-06-20,No,Not reached by 2026-08-12,,60,26028.571912171446,26628.571912171446,178323.32391217139,11883.571912171446,14145.0,19,41,0.0
2025-06-27,No,Not reached by 2026-08-12,,59,25646.27788922876,26246.27788922876,172462.63688922877,11156.277889228762,14490.0,17,42,0.0
2025-07-03,No,Not reached by 2026-08-12,,58,25083.24127198925,25683.24127198925,164905.7372719893,10593.241271989249,14490.0,16,42,0.0
2025-07-11,No,Not reached by 2026-08-12,,57,24544.256236353347,25144.256236353347,157572.50623635337,10054.256236353347,14490.0,15,42,0.0
2025-07-18,No,Not reached by 2026-08-12,,56,24018.41313526636,24618.41313526636,150419.6501352664,9528.41313526636,14490.0,14,42,0.0
2025-07-25,No,Not reached by 2026-08-12,,55,23362.444027789497,23962.444027789497,143364.9430277895,8872.444027789494,14490.0,13,42,0.0
2025-08-01,No,Not reached by 2026-08-12,,54,22566.54514621004,23166.54514621004,135257.57414621007,8076.54514621004,14490.0,12,42,0.0
2025-08-08,No,Not reached by 2026-08-12,,53,21927.87059924406,22527.87059924406,128141.63959924401,8817.870599244057,13110.0,15,38,0.0
2025-08-15,No,Not reached by 2026-08-12,,52,21212.773889228763,21812.773889228763,121088.01888922874,8102.773889228763,13110.0,14,38,0.0
2025-08-22,No,Not reached by 2026-08-12,,51,20456.26127198925,21056.26127198925,114052.39127198928,7691.261271989249,12765.0,14,37,0.0
2025-08-29,No,Not reached by 2026-08-12,,50,19962.057236353343,20562.057236353343,107750.68723635336,8232.057236353345,11730.0,16,34,0.0
2025-09-05,No,Not reached by 2026-08-12,,49,19817.646511209918,20417.646511209918,104486.39551120994,7742.646511209919,12075.0,14,35,0.0
2025-09-12,No,Not reached by 2026-08-12,,48,19450.000886325284,20050.000886325284,99747.30088632529,7375.000886325283,12075.0,13,35,0.0
2025-09-19,No,Not reached by 2026-08-12,,47,19039.31349409118,19639.31349409118,94585.06649409117,6964.3134940911805,12075.0,12,35,0.0
2025-09-26,No,Not reached by 2026-08-12,,46,18582.05206611596,19182.05206611596,90282.66506611594,6507.052066115962,12075.0,11,35,0.0
2025-10-03,No,Not reached by 2026-08-12,,45,17932.293737204014,18532.293737204014,84489.83073720403,5857.293737204014,12075.0,10,35,0.0
2025-10-10,No,Not reached by 2026-08-12,,44,17317.456844214368,17917.456844214368,79377.64284421432,5242.456844214368,12075.0,9,35,0.0
2025-10-17,No,Not reached by 2026-08-12,,43,16598.87051120992,17198.87051120992,73870.2955112099,4523.870511209921,12075.0,8,35,0.0
2025-10-24,No,Not reached by 2026-08-12,,42,16047.316886325283,16647.316886325283,68751.10288632527,3972.316886325283,12075.0,7,35,0.0
2025-10-31,No,Not reached by 2026-08-12,,41,15347.91049409118,15947.91049409118,63942.539494091194,3962.9104940911798,11385.0,8,33,0.0
2025-11-07,No,Not reached by 2026-08-12,,40,14783.74506611596,15383.74506611596,59384.194066115946,3398.745066115961,11385.0,7,33,0.0
2025-11-14,No,Not reached by 2026-08-12,,39,14323.412465182739,14923.412465182739,54844.07546518272,3283.4124651827383,11040.0,7,32,0.0
2025-11-21,No,Not reached by 2026-08-12,,38,13335.15906611596,13935.15906611596,46716.25406611596,2985.1590661159617,10350.0,8,30,0.0
2025-11-26,No,Not reached by 2026-08-12,,37,12615.97049409118,13215.97049409118,41288.712494091174,2610.9704940911806,10005.0,8,29,0.0
2025-12-05,No,Not reached by 2026-08-12,,36,12318.835066115962,12918.835066115962,38183.36906611594,2313.835066115962,10005.0,7,29,0.0
2025-12-12,No,Not reached by 2026-08-12,,35,11835.755465182738,12435.755465182738,35233.63146518274,1830.755465182738,10005.0,6,29,0.0
2025-12-19,No,Not reached by 2026-08-12,,34,11085.426465182738,11685.426465182738,30835.939465182735,1425.426465182738,9660.0,6,28,0.0
2025-12-26,No,Not reached by 2026-08-12,,33,10981.43549409118,11581.43549409118,27139.003494091176,2356.4354940911794,8625.0,8,25,0.0
2026-01-02,No,Not reached by 2026-08-12,,32,10833.961066115962,11433.961066115962,25133.175066115953,2553.961066115962,8280.0,8,24,0.0
2026-01-09,No,Not reached by 2026-08-12,,31,10498.172912171458,11098.172912171458,23055.73491217145,2563.172912171458,7935.0,8,23,0.0
2026-01-16,No,Not reached by 2026-08-12,,30,10811.826337006167,11411.826337006167,21795.889337006174,2876.826337006167,7935.0,7,23,0.0
2026-01-23,No,Not reached by 2026-08-12,,29,10888.316382506047,11488.316382506047,20381.726382506055,3643.3163825060483,7245.0,8,21,0.0
2026-01-30,No,Not reached by 2026-08-12,,28,11909.733027789493,12509.733027789493,19098.911027789494,6044.733027789493,5865.0,11,17,0.0
2026-02-06,No,Not reached by 2026-08-12,,27,12183.752465182737,12783.752465182737,18069.842465182734,6318.752465182738,5865.0,10,17,0.0
2026-02-13,No,Not reached by 2026-08-12,,26,11718.127889228766,12318.127889228766,16571.83988922876,6198.127889228767,5520.0,10,16,0.0
2026-02-20,No,Not reached by 2026-08-12,,25,11683.44727198925,12283.44727198925,15768.177271989247,7198.447271989249,4485.0,12,13,0.0
2026-02-27,No,Not reached by 2026-08-12,,24,11884.717236353343,12484.717236353343,15003.148236353347,7399.717236353344,4485.0,11,13,0.0
2026-03-06,No,Not reached by 2026-08-12,,23,11811.261135266359,12411.261135266359,14265.91213526636,7326.26113526636,4485.0,10,13,0.0
2026-03-13,No,Not reached by 2026-08-12,,22,11990.906889228765,12590.906889228765,13469.874889228764,7505.906889228765,4485.0,9,13,0.0
2026-03-20,No,Not reached by 2026-08-12,,21,11988.153196220212,12588.153196220212,12614.465196220213,8193.153196220212,3795.0,10,11,0.0
2026-03-27,No,Not reached by 2026-08-12,,20,11579.460236353347,12179.460236353347,11805.963236353346,8474.460236353349,3105.0,11,9,0.0
2026-04-02,No,Not reached by 2026-08-12,,19,11268.299135266361,11868.299135266361,11030.29413526636,10233.29913526636,1035.0,16,3,0.0
2026-04-10,No,Not reached by 2026-08-12,,18,10767.759961977377,11367.759961977377,10290.002961977378,9732.759961977377,1035.0,15,3,0.0
2026-04-17,No,Not reached by 2026-08-12,,17,10207.37326505012,10807.37326505012,9574.389265050122,9172.373265050122,1035.0,14,3,0.0
2026-04-24,No,Not reached by 2026-08-12,,16,9442.552196220213,10042.552196220213,8891.172196220214,8752.552196220213,690.0,14,2,0.0
2026-05-01,No,Not reached by 2026-08-12,,15,8742.542685378194,9342.542685378194,8238.956685378194,8742.542685378194,0.0,15,0,0.0
2026-05-08,No,Not reached by 2026-08-12,,14,8232.739737204014,8832.739737204014,7616.407737204014,8232.739737204014,0.0,14,0,0.0
2026-05-15,No,Not reached by 2026-08-12,,13,7451.883737204013,8051.883737204013,6983.487737204014,7451.883737204013,0.0,13,0,0.0
2026-05-22,No,Not reached by 2026-08-12,,12,6591.406844214367,7191.406844214367,6352.619844214367,6591.406844214367,0.0,12,0,0.0
2026-05-29,No,Not reached by 2026-08-12,,11,5871.99251120992,6471.99251120992,5748.91851120992,5871.99251120992,0.0,11,0,0.0
2026-06-05,No,Not reached by 2026-08-12,,10,5155.367886325283,5755.367886325283,5171.213886325283,5155.367886325283,0.0,10,0,0.0
2026-06-12,No,Not reached by 2026-08-12,,9,4481.76749409118,5081.76749409118,4618.38649409118,4481.76749409118,0.0,9,0,0.0
2026-06-18,No,Not reached by 2026-08-12,,8,3874.707066115961,4474.707066115961,4089.3650661159613,3874.707066115961,0.0,8,0,0.0
2026-06-26,No,Not reached by 2026-08-12,,7,3180.7404651827383,3780.7404651827383,3583.1244651827383,3180.7404651827383,0.0,7,0,0.0
2026-07-02,No,Not reached by 2026-08-12,,6,2720.794698739463,3320.794698739463,3098.6836987394627,2720.794698739463,0.0,6,0,0.0
2026-07-10,No,Not reached by 2026-08-12,,5,2173.7940179324996,2773.7940179324996,2635.1040179325,2173.7940179324996,0.0,5,0,0.0
2026-07-17,No,Not reached by 2026-08-12,,4,1683.2570985000002,2283.2570985,2191.4870985000002,1683.2570985000002,0.0,4,0,0.0
2026-07-24,No,Not reached by 2026-08-12,,3,1231.2123000000001,1831.2123000000001,1766.9733,1231.2123000000001,0.0,3,0,0.0
2026-07-31,No,Not reached by 2026-08-12,,2,806.625,1406.625,1360.74,806.625,0.0,2,0,0.0
2026-08-07,No,Not reached by 2026-08-12,,1,399.53099999999995,999.531,972.0,399.53099999999995,0.0,1,0,0.0
2026-08-12,No,Not reached by 2026-08-12,,0,0.0,600.0,600.0,0.0,0.0,0,0,0.0
