Starting week,Reached $20M,Reaching date,Weeks to $20M,Weeks observed,Total top-ups,Final balance
2018-04-13,Yes,2021-07-02,166.0,166,82554.33425821917,20157092.44135822
2018-04-20,Yes,2021-09-03,174.0,174,84758.36191217146,20990533.85356217
2018-04-27,Yes,2021-09-03,173.0,173,84746.91033700618,20428110.435847014
2018-05-04,Yes,2021-11-05,181.0,181,87362.01793971882,25420299.617969718
2018-05-11,Yes,2021-11-05,180.0,180,85832.14313139034,24399096.575851385
2018-05-18,Yes,2021-11-05,179.0,179,84353.47541759849,23371967.029787596
2018-05-25,Yes,2021-11-05,178.0,178,83165.92872975927,22392612.740929764
2018-06-01,Yes,2021-11-05,177.0,177,82030.71033580418,21476192.107845806
2018-06-08,Yes,2021-11-05,176.0,176,81480.27614621003,20998648.363086212
2018-06-15,Yes,2021-11-05,175.0,175,79917.7055196677,20370846.038719665
2018-06-22,Yes,2022-04-29,199.0,199,100370.92088006478,22832845.655360073
2018-06-29,Yes,2022-04-29,198.0,198,99124.16440676057,21857688.64389675
2018-07-06,Yes,2022-04-29,197.0,197,97802.67640306496,21286930.938693065
2018-07-13,Yes,2022-04-29,196.0,196,96911.2471751818,20408614.915265188
2018-07-20,Yes,2022-05-06,196.0,196,96837.72428153202,24349264.781791534
2018-07-27,Yes,2022-05-06,195.0,195,95405.62623635335,23559087.615886346
2018-08-03,Yes,2022-05-06,194.0,194,93952.31317404003,22744061.540424034
2018-08-10,Yes,2022-05-06,193.0,193,93175.0190277895,21799912.82479779
2018-08-17,Yes,2022-05-06,192.0,192,92221.13314621004,20869344.17669621
2018-08-24,Yes,2022-05-20,193.0,193,93363.31436919983,21026723.4015392
2018-08-31,Yes,2022-05-20,192.0,192,92670.06559924406,20174740.170609243
2018-09-07,Yes,2022-08-05,202.0,202,102700.19079187182,21133196.261681866
2018-09-14,Yes,2022-08-05,201.0,201,101829.07417404003,20221376.319884043
2018-09-21,Yes,2022-08-19,202.0,202,103450.41926505012,22593878.66247505
2018-09-28,Yes,2022-08-19,201.0,201,102614.91919622022,21578857.90779622
2018-10-05,Yes,2022-08-19,200.0,200,101722.99768537818,20528551.790145375
2018-10-12,Yes,2022-09-23,204.0,204,113106.86673720402,20027420.882287204
2018-10-19,Yes,2022-10-07,205.0,205,112500.05775864574,22819628.609388642
2018-10-26,Yes,2022-10-07,204.0,204,112128.95788632528,21676946.774296325
2018-11-02,Yes,2022-10-07,203.0,203,111430.08049409118,20590197.547704093
2018-11-09,Yes,2023-02-03,219.0,219,129116.27606611597,28247539.504496112
2018-11-16,Yes,2022-10-07,201.0,201,105745.8801774723,20737111.562847473
2018-11-23,Yes,2023-02-03,217.0,217,123404.108172315,27947852.187082317
2018-11-30,Yes,2023-02-03,216.0,216,123105.11373720401,27208225.31528721
2018-12-07,Yes,2023-02-03,215.0,215,122553.21228153203,25699172.341611523
2018-12-14,Yes,2023-02-03,214.0,214,122226.46789620288,24651077.416096203
2018-12-21,Yes,2023-02-03,213.0,213,121922.44140306496,23628628.646203063
2018-12-28,Yes,2023-02-03,212.0,212,121711.21417518178,22673954.012665175
2019-01-04,Yes,2023-02-03,211.0,211,121530.48022983903,21732966.151849844
2019-01-11,Yes,2023-02-03,210.0,210,121344.63125821916,20827428.21190822
2019-01-18,Yes,2023-02-10,210.0,210,122280.01391217145,25377642.370992173
2019-01-25,Yes,2023-02-10,209.0,209,121940.05333700616,24394239.41743701
2019-02-01,Yes,2023-02-10,208.0,208,121693.50096197738,23348991.886611983
2019-02-08,Yes,2023-02-10,207.0,207,121420.54526505012,22407284.175905053
2019-02-15,Yes,2023-02-10,206.0,206,121089.06719622022,21416363.722136214
2019-02-22,Yes,2023-02-10,205.0,205,120304.13976938013,20461443.911889378
2019-03-01,Yes,2023-02-17,205.0,205,121530.04153050728,22698485.871510506
2019-03-08,Yes,2023-02-17,204.0,204,122230.43761285895,21150582.97681286
2019-03-15,Yes,2023-02-17,203.0,203,121770.21987833391,20319381.833438333
2019-03-22,Yes,2023-03-24,207.0,207,126179.71049409118,23151036.638184093
2019-03-29,Yes,2023-03-24,206.0,206,125888.27906611597,22387481.377746113
2019-04-05,Yes,2023-03-24,205.0,205,125070.75046518273,21703289.73192518
2019-04-12,Yes,2023-03-24,204.0,204,123887.7567335866,20763163.78961359
2019-04-18,Yes,2023-05-19,211.0,211,131506.75140306496,20697601.73917306
2019-04-26,Yes,2023-05-26,211.0,211,131104.3021751818,20600996.11538518
2019-05-03,Yes,2023-07-14,217.0,217,137788.69622983903,21572044.071859837
2019-05-10,Yes,2023-07-14,216.0,216,138732.17093971884,20482813.471249714
2019-05-17,Yes,2023-07-28,217.0,217,139996.18938250607,22974069.47936251
2019-05-24,Yes,2023-07-28,216.0,216,138851.1957918718,22207524.22724187
2019-05-31,Yes,2023-07-28,215.0,215,138235.58617404,21384660.137234036
2019-06-07,Yes,2023-07-28,214.0,214,137900.5820277895,20593389.199767787
2019-06-14,Yes,2023-09-01,218.0,218,142272.9467918718,22054789.66669187
2019-06-21,Yes,2023-09-01,217.0,217,141818.63617404003,21186029.60039404
2019-06-28,Yes,2023-09-01,216.0,216,141228.1250277895,20356140.385047793
2019-07-05,Yes,2023-10-20,222.0,222,147662.83906920097,21952755.878799208
2019-07-12,Yes,2023-10-20,221.0,221,147314.03728153202,21185660.97854153
2019-07-19,Yes,2023-10-20,220.0,220,146949.0668962029,20380736.5184162
2019-07-26,Yes,2023-10-27,220.0,220,147694.14540306496,21830233.77192306
2019-08-02,Yes,2023-10-27,219.0,219,147431.9501751818,21005974.997865178
2019-08-09,Yes,2023-10-27,218.0,218,145685.249229839,20302320.179169837
2019-08-16,Yes,2023-11-03,218.0,218,145835.8523358042,34291612.0976258
2019-08-23,Yes,2023-11-03,217.0,217,146324.89778545854,32818125.98104545
2019-08-30,Yes,2023-11-03,216.0,216,145584.4501774723,31339520.51158748
2019-09-06,Yes,2023-11-03,215.0,215,143972.07893971883,30268874.131159723
2019-09-13,Yes,2023-11-03,214.0,214,143621.0276632295,29037839.04193323
2019-09-20,Yes,2023-11-03,213.0,213,142920.92417404003,28068278.03491404
2019-09-27,Yes,2023-11-03,212.0,212,142580.2160277895,27194012.177507788
2019-10-04,Yes,2023-11-03,211.0,211,145373.36691217145,26372272.770442173
2019-10-11,Yes,2023-11-03,210.0,210,144766.6293370062,25265245.78334701
2019-10-18,Yes,2023-11-03,209.0,209,143684.73993971883,24231117.15261972
2019-10-25,Yes,2023-11-03,208.0,208,143236.74738250606,23277218.36509251
2019-11-01,Yes,2023-11-03,207.0,207,142908.32879187184,22346344.319081873
2019-11-08,Yes,2023-11-03,206.0,206,142118.91627198923,21787270.43325199
2019-11-15,Yes,2023-11-03,205.0,205,141866.10351120992,20937579.428131208
2019-11-22,Yes,2023-11-03,204.0,204,141519.83813526636,20328598.56328527
2019-11-29,Yes,2023-11-10,204.0,204,142077.48896197736,26587579.832901977
2019-12-06,Yes,2023-11-10,203.0,203,141614.1774940912,25737228.697934095
2019-12-13,Yes,2023-11-10,202.0,202,141338.52819622023,24984516.936066225
2019-12-20,Yes,2023-11-10,201.0,201,141000.5386853782,24194023.57872538
2019-12-27,Yes,2023-11-10,200.0,200,140134.02974541602,23348237.724455416
2020-01-03,Yes,2023-11-10,199.0,199,139749.07788922876,22298430.95379923
2020-01-10,Yes,2023-11-10,198.0,198,138991.89827198925,21151567.026501987
2020-01-17,Yes,2023-11-10,197.0,197,138277.58423635334,20092508.295286357
2020-01-24,Yes,2023-11-17,197.0,197,138456.55913526635,24119616.02281527
2020-01-31,Yes,2023-11-17,196.0,196,137725.28396197737,22827025.181121975
2020-02-07,Yes,2023-11-17,195.0,195,137728.38026505013,21673987.20569505
2020-02-14,Yes,2023-11-17,194.0,194,136790.0136853782,21357319.731615376
2020-02-21,Yes,2023-11-17,193.0,193,135992.94073720402,20129338.107747205
2020-02-28,Yes,2023-11-24,193.0,193,136921.69184421437,22074683.612864215
2020-03-06,Yes,2023-11-24,192.0,192,137421.5425112099,20971087.144591212
2020-03-27,Yes,2023-12-15,194.0,194,140731.70951120992,20635485.277271207
2020-04-03,Yes,2024-01-19,198.0,198,145749.0898863253,20957932.859866325
2020-04-09,Yes,2024-01-19,197.0,197,141144.63849409117,21529820.87824409
2020-04-17,Yes,2024-01-19,196.0,196,141434.35406611598,20246691.69448612
2020-04-24,Yes,2024-02-02,197.0,197,144790.94746518275,21636524.93884518
2020-05-01,Yes,2024-02-02,196.0,196,145694.31569873946,20353701.37863874
2020-05-08,Yes,2024-02-09,196.0,196,146359.4210179325,23678797.82433793
2020-05-15,Yes,2024-02-09,195.0,195,146678.5130985,22214794.4438385
2020-05-22,Yes,2024-02-09,194.0,194,146275.1133,20756255.222090002
2020-05-29,Yes,2024-06-28,213.0,213,166415.15899999999,20388520.29067
2020-06-05,Yes,2024-07-05,213.0,213,168832.76172006916,26176011.432660073
2020-06-12,Yes,2024-07-05,212.0,212,169704.9131866544,25238610.429816652
2020-06-19,Yes,2024-07-05,211.0,211,170315.80728153203,24265847.052641533
2020-06-26,Yes,2024-07-05,210.0,210,170794.6838800648,23356405.877960067
2020-07-02,Yes,2024-07-05,209.0,209,171099.23200000002,22424048.012519993
2020-07-10,Yes,2024-07-05,208.0,208,172507.63362837737,21309112.498838376
2020-07-17,Yes,2024-07-05,207.0,207,172278.45987883004,20708918.118148826
2020-07-24,Yes,2024-07-05,206.0,206,172153.54212328233,20131502.90593328
2020-07-31,Yes,2024-07-05,205.0,205,172212.65098400222,20488333.830634
2020-08-07,Yes,2024-08-16,210.0,210,177749.2357693801,20594459.385689378
2020-08-14,Yes,2024-08-16,209.0,209,177078.82753050732,20023201.949730508
2020-08-21,Yes,2024-08-23,209.0,209,178339.47389043757,22687428.02052044
2020-08-28,Yes,2024-08-23,208.0,208,177506.16761285893,22069609.68647286
2020-09-04,Yes,2024-08-23,207.0,207,177243.4738783339,21476661.690828335
2020-09-11,Yes,2024-08-23,206.0,206,177051.2148962029,21030296.210516203
2020-09-18,Yes,2024-08-23,205.0,205,176353.98040306498,20492268.835333064
2020-09-25,Yes,2024-09-13,207.0,207,178692.66617518177,31203717.33455518
2020-10-02,Yes,2024-09-13,206.0,206,178257.96622983902,30455163.61881984
2020-10-09,Yes,2024-09-13,205.0,205,177116.85225821915,29708718.278048217
2020-10-16,Yes,2024-09-13,204.0,204,177762.07125821916,29253153.247988217
2020-10-23,Yes,2024-09-13,203.0,203,177001.31291217147,28566819.42292217
2020-10-30,Yes,2024-09-13,202.0,202,176510.97833700618,27865157.687507007
2020-11-06,Yes,2024-09-13,201.0,201,176028.88293971884,27245266.13456972
2020-11-13,Yes,2024-09-13,200.0,200,175349.80938250606,26611942.642172508
2020-11-20,Yes,2024-09-13,199.0,199,174882.83879187182,26047425.840251874
2020-11-27,Yes,2024-09-13,198.0,198,173871.34717404,25479312.83291404
2020-12-04,Yes,2024-09-13,197.0,197,173495.6560277895,24940036.32555779
2020-12-11,Yes,2024-09-13,196.0,196,172926.56014621005,24439296.41177621
2020-12-18,Yes,2024-09-13,195.0,195,172487.98559924407,23976835.336829245
2020-12-24,Yes,2024-09-13,194.0,194,171939.16414621004,23471005.640276216
2020-12-31,Yes,2024-09-13,193.0,193,168114.45359924407,25332118.630509242
2021-01-08,Yes,2024-09-13,192.0,192,166138.96788922878,24811908.44038923
2021-01-15,Yes,2024-09-13,191.0,191,165683.87027198926,24299465.599591985
2021-01-22,Yes,2024-09-13,190.0,190,163837.86429591538,23781570.143815912
2021-01-29,Yes,2024-09-13,189.0,189,162379.2793358042,23239127.356415804
2021-02-05,Yes,2024-09-13,188.0,188,159557.09978545853,22651009.746665455
2021-02-12,Yes,2024-09-13,187.0,187,159209.9472650501,22262299.544605047
2021-02-19,Yes,2024-09-13,186.0,186,158087.73117404,21756141.131324038
2021-02-26,Yes,2024-09-13,185.0,185,157764.7330277895,21384112.76946779
2021-03-05,Yes,2024-09-13,184.0,184,156462.6056283774,20860958.939488377
2021-03-12,Yes,2024-09-13,183.0,183,155984.38859924406,20481910.70031924
2021-03-19,Yes,2024-09-13,182.0,182,154687.79929591538,20058164.987645917
2021-03-26,Yes,2024-09-20,182.0,182,153113.31733580417,24698425.032495804
2021-04-01,Yes,2024-09-20,181.0,181,151137.49887883005,24127141.77521883
2021-04-09,Yes,2024-09-20,180.0,180,150141.38313526637,23778039.033375267
2021-04-16,Yes,2024-09-20,179.0,179,147944.81593971883,23257672.19120972
2021-04-23,Yes,2024-09-20,178.0,178,146317.81438250607,22810725.318922505
2021-04-30,Yes,2024-09-20,177.0,177,142727.0977918718,22307705.92221187
2021-05-07,Yes,2024-09-20,176.0,176,141242.58817404002,21829538.18411404
2021-05-14,Yes,2024-09-20,175.0,175,139136.75027198927,21324068.01994199
2021-05-21,Yes,2024-09-20,174.0,174,138542.24606920098,20986088.4603892
2021-05-28,Yes,2024-09-20,173.0,173,136157.12728153204,20436232.453991532
2021-06-04,Yes,2024-09-27,173.0,173,134138.3068962029,21990951.1119762
2021-06-11,Yes,2024-09-27,172.0,172,132553.1742130528,21324631.33784305
2021-06-18,Yes,2024-09-27,171.0,171,129608.67817518179,20782084.84230518
2021-06-25,Yes,2024-09-27,170.0,170,127994.46322983902,20320814.081069835
2021-07-02,Yes,2024-10-11,171.0,171,126391.26312328233,20849982.080373283
2021-07-09,Yes,2024-10-11,170.0,170,124518.96013526636,20472870.322455272
2021-07-16,Yes,2024-11-08,173.0,173,123886.69440676057,26128675.264456764
2021-07-23,Yes,2024-11-08,172.0,172,121373.58972006917,25501763.02588007
2021-07-30,Yes,2024-11-08,171.0,171,118790.67305158259,24692477.744661584
2021-08-06,Yes,2024-11-08,170.0,170,117928.42543349334,24090198.632683497
2021-08-13,Yes,2024-11-08,169.0,169,116476.90601769698,23397564.316877693
2021-08-20,Yes,2024-11-08,168.0,168,115169.92529923155,22717342.931819234
2021-08-27,Yes,2024-11-08,167.0,167,113426.64929591537,22007062.386985913
2021-09-03,Yes,2024-11-08,166.0,166,111392.23694397399,21273826.619883977
2021-09-10,Yes,2024-11-08,165.0,165,108354.51474763913,20682024.63531764
2021-09-17,Yes,2024-11-08,164.0,164,106741.67191217146,20041965.11166217
2021-09-24,Yes,2024-11-22,165.0,165,105840.52833700618,22271536.400527004
2021-10-01,Yes,2024-11-22,164.0,164,104796.84193971883,21624388.704489715
2021-10-08,Yes,2024-11-22,163.0,163,103639.10988922877,21279997.852449223
2021-10-15,Yes,2024-11-22,162.0,162,107721.15888006479,21059195.307980068
2021-10-22,Yes,2024-11-22,161.0,161,106111.04529923155,20623190.10516923
2021-10-29,Yes,2024-11-22,160.0,160,104939.72226505012,20220540.69168505
2021-11-05,Yes,2024-12-06,161.0,161,104092.983856229,20745565.98708623
2021-11-12,Yes,2024-12-06,160.0,160,101716.77885622895,20023533.983896226
2021-11-19,Yes,2024-12-20,161.0,161,101109.91707405944,20811940.763504058
2021-11-26,Yes,2024-12-20,160.0,160,99452.94440306498,20258224.552263066
2021-12-03,Yes,2024-12-27,160.0,160,98629.54251120992,21680529.41131121
2021-12-10,Yes,2024-12-27,159.0,159,97990.39633580418,21261416.608275805
2021-12-17,Yes,2024-12-27,158.0,158,96801.09678545855,20563962.109415453
2021-12-23,Yes,2024-12-27,157.0,157,96171.48538250604,20122300.079822507
2021-12-31,Yes,2025-01-24,160.0,160,96831.60679187182,20461398.308131866
2022-01-07,Yes,2025-01-31,160.0,160,95032.37843349333,22628356.207453493
2022-01-14,Yes,2025-01-31,159.0,159,93934.55993971882,21944219.65934972
2022-01-21,Yes,2025-01-31,158.0,158,92375.79938250605,21312859.411742505
2022-01-28,Yes,2025-01-31,157.0,157,91841.46179187181,20766888.323101874
2022-02-04,Yes,2025-01-31,156.0,156,91388.16317404002,20226297.875934035
2022-02-11,Yes,2025-02-07,156.0,156,89864.8750277895,21799123.908367787
2022-02-18,Yes,2025-02-07,155.0,155,89154.44414621004,21299027.41866621
2022-02-25,Yes,2025-02-07,154.0,154,88210.68799160671,20416047.790031604
2022-03-04,Yes,2025-02-07,153.0,153,87144.78472006918,20055236.730280068
2022-03-11,Yes,2025-02-14,153.0,153,86305.24317231501,24647378.641212314
2022-03-18,Yes,2025-02-14,152.0,152,85359.38706920095,23848661.9783592
2022-03-25,Yes,2025-02-14,151.0,151,84285.94540306496,23172138.428233065
2022-04-01,Yes,2025-02-14,150.0,150,82879.63507405942,22298400.497654058
2022-04-08,Yes,2025-02-14,149.0,149,80558.82822983903,21452119.38222984
2022-04-14,Yes,2025-02-14,148.0,148,78862.05053050729,21026896.48109051
2022-04-22,Yes,2025-02-14,147.0,147,76633.6630934568,20463505.457613457
2022-04-29,Yes,2025-02-14,146.0,146,76200.98723635335,20058658.23323635
2022-05-06,Yes,2025-04-11,153.0,153,77859.00223764012,28365204.83527764
2022-05-13,Yes,2025-04-11,152.0,152,76182.01596197738,27629703.79919198
2022-05-20,Yes,2025-04-11,151.0,151,75531.05526505012,26949051.646205053
2022-05-27,Yes,2025-04-11,150.0,150,74220.66819622021,26228924.629516218
2022-06-03,Yes,2025-04-11,149.0,149,72529.5352281884,25184611.566798188
2022-06-10,Yes,2025-04-11,148.0,148,70943.48479252472,24088324.405092523
2022-06-17,Yes,2025-04-11,147.0,147,69566.92544739209,23047269.553517394
2022-06-24,Yes,2025-04-11,146.0,146,67824.04551120993,22331650.227991212
2022-07-01,Yes,2025-04-11,145.0,145,66705.48473720401,21306095.3264072
2022-07-08,Yes,2025-04-11,144.0,144,65670.91484421436,20930902.604494218
2022-07-15,Yes,2025-04-11,143.0,143,65048.35096197738,20245471.409021974
2022-07-22,Yes,2025-04-25,144.0,144,65221.27326505012,36889537.470495045
2022-07-29,Yes,2025-04-25,143.0,143,64556.91619622021,35735219.78905622
2022-08-05,Yes,2025-04-25,142.0,142,63864.35223635334,34402075.667436354
2022-08-12,Yes,2025-04-25,141.0,141,62201.749878333925,32946430.869708337
2022-08-19,Yes,2025-04-25,140.0,140,61095.90943349335,31711710.937823497
2022-08-26,Yes,2025-04-25,139.0,139,60020.18701769698,30366658.480107702
2022-09-02,Yes,2025-04-25,138.0,138,58990.60475746824,29045841.91942747
2022-09-09,Yes,2025-04-25,137.0,137,58977.73391036763,27820878.14910037
2022-09-16,Yes,2025-04-25,136.0,136,58203.55840676057,26439743.56796676
2022-09-23,Yes,2025-04-25,135.0,135,57747.057528000536,25302791.788718
2022-09-30,Yes,2025-04-25,134.0,134,57041.48643349335,24207790.697323494
2022-10-07,Yes,2025-04-25,133.0,133,56568.24901769699,23173159.695527695
2022-10-14,Yes,2025-04-25,132.0,132,57309.886685378195,22220724.56965538
2022-10-21,Yes,2025-04-25,131.0,131,57192.73543655651,21211135.06619656
2022-10-28,Yes,2025-04-25,130.0,130,56648.05884421436,20169629.202914216
2022-11-04,Yes,2025-05-02,130.0,130,55984.790403064966,27570073.965343066
2022-11-11,Yes,2025-05-02,129.0,129,54931.065536228954,26993996.486076232
2022-11-18,Yes,2025-05-02,128.0,128,54375.01001160664,25816688.176281605
2022-11-25,Yes,2025-05-02,127.0,127,54209.54701000633,24690555.07978001
2022-12-02,Yes,2025-05-02,126.0,126,53862.954299231555,23598777.389529232
2022-12-09,Yes,2025-05-02,125.0,125,54061.09833700617,22524273.897267006
2022-12-16,Yes,2025-05-02,124.0,124,53846.51333580417,21537139.348315805
2022-12-23,Yes,2025-05-02,123.0,123,53391.603785458545,20605855.830155462
2022-12-30,Yes,2025-05-09,123.0,123,53608.30117747228,20956216.714907475
2023-01-06,Yes,2025-05-09,122.0,122,53039.203720069185,20025695.053310074
2023-01-13,Yes,2025-05-16,122.0,122,53142.409172315005,26104287.958772317
2023-01-20,Yes,2025-05-16,121.0,121,52343.55653345685,24897119.08302346
2023-01-27,Yes,2025-05-16,120.0,120,51950.19887818843,23808481.720348194
2023-02-03,Yes,2025-05-16,119.0,119,51815.204872524846,22759978.881162528
2023-02-10,Yes,2025-05-16,118.0,118,51242.50426505012,22559684.08826505
2023-02-17,Yes,2025-05-16,117.0,117,50440.89022983902,21661455.79225984
2023-02-24,Yes,2025-05-16,116.0,116,49423.66025821916,20645326.656538222
2023-03-03,Yes,2025-05-23,116.0,116,48977.35791217146,23383464.451132175
2023-03-10,Yes,2025-05-23,115.0,115,48048.82733700617,22288226.982747007
2023-03-17,Yes,2025-05-23,114.0,114,47197.62793971882,21239533.37960972
2023-03-24,Yes,2025-05-23,113.0,113,45001.90118665433,23075328.613666657
2023-03-31,Yes,2025-05-23,112.0,112,44819.03762837738,22047512.12271838
2023-04-06,Yes,2025-05-23,111.0,111,44081.429174040015,20956210.15148404
2023-04-14,Yes,2025-05-30,111.0,111,43735.06302778949,22270022.99702779
2023-04-21,Yes,2025-05-30,110.0,110,43000.35098400223,21516244.182824004
2023-04-28,Yes,2025-05-30,109.0,109,42544.68676938017,20557186.93481938
2023-05-05,Yes,2025-06-06,109.0,109,42378.39253050732,22661894.159890506
2023-05-12,Yes,2025-06-06,108.0,108,42295.94773720401,21588891.510217205
2023-05-19,Yes,2025-06-06,107.0,107,41824.72284421437,20425028.460114215
2023-05-26,Yes,2025-06-27,109.0,109,42311.38251120992,22151408.375841208
2023-06-02,Yes,2025-06-27,108.0,108,41532.08288632528,20988438.34688633
2023-06-09,Yes,2025-07-18,110.0,110,42118.67549409118,22401776.503874093
2023-06-16,Yes,2025-07-18,109.0,109,42086.54840676057,21270724.445296764
2023-06-23,Yes,2025-07-18,108.0,108,41855.069465182736,20246171.946395185
2023-06-30,Yes,2025-07-25,108.0,108,41726.37484421437,20959721.35410422
2023-07-07,Yes,2025-08-08,109.0,109,42030.62151120992,20940912.59203121
2023-07-14,Yes,2025-08-15,109.0,109,41758.16351120992,20184004.19409121
2023-07-21,Yes,2025-10-03,115.0,115,43809.16429923157,21160858.49110923
2023-07-28,Yes,2025-10-03,114.0,114,43894.48972006916,20132355.08516007
2023-08-04,Yes,2025-10-31,117.0,117,44799.17029923155,20369989.457639232
2023-08-11,Yes,2025-12-05,121.0,121,46569.24229591538,25116821.543935917
2023-08-18,Yes,2025-12-05,120.0,120,46828.257335804185,23960845.724495806
2023-08-25,Yes,2025-12-05,119.0,119,46420.94149409118,21008092.82553409
2023-09-01,Yes,2026-02-13,128.0,128,49768.87352800054,20992757.676327996
2023-09-08,Yes,2026-02-13,127.0,127,49548.809433493356,20046771.524593495
2023-09-15,Yes,2026-02-20,127.0,127,50051.41891217146,23494059.99815217
2023-09-22,Yes,2026-02-20,126.0,126,49828.379299231565,22448834.077759232
2023-09-29,Yes,2026-02-20,125.0,125,50017.01729591537,21422360.54028591
2023-10-06,Yes,2026-02-20,124.0,124,49822.3203,20422019.52211
2023-10-13,Yes,2026-03-06,125.0,125,50539.80378545855,22212462.353705462
2023-10-20,Yes,2026-03-06,124.0,124,50385.580177472286,21188331.993527472
2023-10-27,Yes,2026-03-06,123.0,123,50726.425146210044,20654846.052516207
2023-11-03,Yes,2026-03-13,123.0,123,51189.54488922877,25908285.45125923
2023-11-10,Yes,2026-03-13,122.0,122,51348.14688922876,25694044.03992923
2023-11-17,Yes,2026-03-13,121.0,121,50479.245069200966,24649376.9432792
2023-11-24,Yes,2026-03-13,120.0,120,49311.45928153202,23459343.00010153
2023-12-01,Yes,2026-03-13,119.0,119,48389.651135266366,22608218.02166526
2023-12-08,Yes,2026-03-13,118.0,118,47855.587027789494,21983794.168787792
2023-12-15,Yes,2026-03-13,117.0,117,47091.72714621004,20835251.30620621
2023-12-22,Yes,2026-04-02,119.0,119,47172.21659924406,25922524.396199245
2023-12-29,Yes,2026-04-02,118.0,118,46965.12868537819,25473829.105215378
2024-01-05,Yes,2026-04-02,117.0,117,46466.779737204015,25023252.799637206
2024-01-12,Yes,2026-04-02,116.0,116,46041.69127198925,24118174.641491987
2024-01-19,Yes,2026-04-02,115.0,115,45313.554236353346,22778648.458126355
2024-01-26,Yes,2026-04-02,114.0,114,44239.43713526636,21463376.48473527
2024-02-02,Yes,2026-04-02,113.0,113,43316.66396197738,20172314.304001972
2024-02-09,Yes,2026-04-10,113.0,113,42696.50026505012,29826691.363155052
2024-02-16,Yes,2026-04-10,112.0,112,42018.74488632528,28849128.159036323
2024-02-23,Yes,2026-04-10,111.0,111,41191.366494091184,27478271.25327409
2024-03-01,Yes,2026-04-10,110.0,110,40372.02488632528,25840493.303236328
2024-03-08,Yes,2026-04-10,109.0,109,39493.93149409118,24160185.88172409
2024-03-15,Yes,2026-04-10,108.0,108,38860.07606611596,22524004.94396612
2024-03-22,Yes,2026-04-10,107.0,107,38242.69946518274,21056268.762835182
2024-03-28,Yes,2026-04-10,106.0,106,37208.97349409118,22224609.54479409
2024-04-05,Yes,2026-04-17,106.0,106,36705.589961977385,23439801.34324198
2024-04-12,Yes,2026-04-17,105.0,105,36108.31126505013,22010473.10986505
2024-04-19,Yes,2026-04-17,104.0,104,35715.12419622021,20649278.54397622
2024-04-26,Yes,2026-05-08,106.0,106,36708.07568537819,30542382.66845538
2024-05-03,Yes,2026-05-08,105.0,105,36409.43573720401,28528014.0008972
2024-05-10,Yes,2026-05-08,104.0,104,36455.59584421437,26623368.642214213
2024-05-17,Yes,2026-05-08,103.0,103,36291.03351120992,24812142.63802121
2024-05-24,Yes,2026-05-08,102.0,102,36080.408886325284,22970768.034226328
2024-05-31,Yes,2026-05-08,101.0,101,35663.05149409118,21335739.55420409
2024-06-07,No,Not reached by 2026-08-12,,114,40267.676066115964,12096064.829016121
2024-06-14,No,Not reached by 2026-08-12,,113,39931.93446518274,11130503.659565184
2024-06-21,No,Not reached by 2026-08-12,,112,39498.92169873946,10198919.850278737
2024-06-28,No,Not reached by 2026-08-12,,111,38970.6200179325,9385693.65421793
2024-07-05,No,Not reached by 2026-08-12,,110,38592.3920985,8594901.916128498
2024-07-12,No,Not reached by 2026-08-12,,109,37987.6273,7819931.998800002
2024-07-19,No,Not reached by 2026-08-12,,108,37374.095,6969033.412299997
2024-07-26,No,Not reached by 2026-08-12,,107,36480.51669873946,5629530.528658741
2024-08-02,No,Not reached by 2026-08-12,,106,36077.56873720401,5121446.393857203
2024-08-09,No,Not reached by 2026-08-12,,105,36165.86484421437,4781144.070054214
2024-08-16,No,Not reached by 2026-08-12,,104,36090.036511209924,4497349.928401209
2024-08-23,No,Not reached by 2026-08-12,,103,35976.37988632528,4187289.225356327
2024-08-30,No,Not reached by 2026-08-12,,102,35675.31049409118,3916574.077644091
2024-09-06,No,Not reached by 2026-08-12,,101,35508.51606611596,3647408.3491261182
2024-09-13,No,Not reached by 2026-08-12,,100,35319.05446518274,3388413.573445182
2024-09-20,No,Not reached by 2026-08-12,,99,34966.67969873946,3128790.776298741
2024-09-27,No,Not reached by 2026-08-12,,98,34461.4700179325,2924161.284217932
2024-10-04,No,Not reached by 2026-08-12,,97,33916.9750985,2689263.4139285013
2024-10-11,No,Not reached by 2026-08-12,,96,33495.2443,2479366.8226399994
2024-10-18,No,Not reached by 2026-08-12,,95,32983.532999999996,2260955.9578200006
2024-10-25,No,Not reached by 2026-08-12,,94,32513.925,2074364.5936100003
2024-11-01,No,Not reached by 2026-08-12,,93,32302.177889228762,1875591.115479229
2024-11-08,No,Not reached by 2026-08-12,,92,32271.338271989247,1768712.8363119892
2024-11-15,No,Not reached by 2026-08-12,,91,32046.717236353343,1662320.041396354
2024-11-22,No,Not reached by 2026-08-12,,90,31828.568135266363,1557032.438765266
2024-11-29,No,Not reached by 2026-08-12,,89,31428.308961977375,1461144.6564719775
2024-12-06,No,Not reached by 2026-08-12,,88,31172.81026505012,1368674.50268505
2024-12-13,No,Not reached by 2026-08-12,,87,30800.16219622021,1282430.9870762203
2024-12-20,No,Not reached by 2026-08-12,,86,30391.769685378193,1191943.5669853778
2024-12-27,No,Not reached by 2026-08-12,,85,30053.592737204013,1116245.6832672039
2025-01-03,No,Not reached by 2026-08-12,,84,29659.371844214365,1033543.0533342145
2025-01-10,No,Not reached by 2026-08-12,,83,29293.973511209922,960800.4785212097
2025-01-17,No,Not reached by 2026-08-12,,82,28959.861886325285,1055241.8258863254
2025-01-24,No,Not reached by 2026-08-12,,81,28613.43649409118,972109.2694940912
2025-01-31,No,Not reached by 2026-08-12,,80,28223.54206611596,894711.4880661158
2025-02-07,No,Not reached by 2026-08-12,,79,27780.87346518274,815445.8184651828
2025-02-14,No,Not reached by 2026-08-12,,78,27377.85269873946,739754.0686987395
2025-02-21,No,Not reached by 2026-08-12,,77,26519.193698739462,626136.1846987396
2025-02-28,No,Not reached by 2026-08-12,,76,26093.2190179325,575741.3760179324
2025-03-07,No,Not reached by 2026-08-12,,75,25704.8020985,515501.0710985002
2025-03-14,No,Not reached by 2026-08-12,,74,25403.476300000002,461360.3793
2025-03-21,No,Not reached by 2026-08-12,,73,25108.309999999998,404238.39999999985
2025-03-28,No,Not reached by 2026-08-12,,72,25433.542,361788.37
2025-04-04,No,Not reached by 2026-08-12,,71,26911.327,313073.82999999996
2025-04-11,No,Not reached by 2026-08-12,,70,27523.506229839037,286753.952229839
2025-04-17,No,Not reached by 2026-08-12,,69,28846.45725821916,274808.38725821924
2025-04-25,No,Not reached by 2026-08-12,,68,30449.551,255887.50000000003
2025-05-02,No,Not reached by 2026-08-12,,67,30377.701236353347,241906.8602363533
2025-05-09,No,Not reached by 2026-08-12,,66,29964.926135266363,231829.9681352664
2025-05-16,No,Not reached by 2026-08-12,,65,29640.405961977376,222611.87696197742
2025-05-23,No,Not reached by 2026-08-12,,64,29203.16126505012,214978.3922650501
2025-05-30,No,Not reached by 2026-08-12,,63,28650.814196220213,206382.99119622022
2025-06-06,No,Not reached by 2026-08-12,,62,27982.18822983902,197730.7432298392
2025-06-13,No,Not reached by 2026-08-12,,61,26869.66925821916,187753.40325821916
2025-06-20,No,Not reached by 2026-08-12,,60,26028.571912171446,178323.32391217139
2025-06-27,No,Not reached by 2026-08-12,,59,25646.27788922876,172462.63688922877
2025-07-03,No,Not reached by 2026-08-12,,58,25083.24127198925,164905.7372719893
2025-07-11,No,Not reached by 2026-08-12,,57,24544.256236353347,157572.50623635337
2025-07-18,No,Not reached by 2026-08-12,,56,24018.41313526636,150419.6501352664
2025-07-25,No,Not reached by 2026-08-12,,55,23362.444027789497,143364.9430277895
2025-08-01,No,Not reached by 2026-08-12,,54,22566.54514621004,135257.57414621007
2025-08-08,No,Not reached by 2026-08-12,,53,21927.87059924406,128141.63959924401
2025-08-15,No,Not reached by 2026-08-12,,52,21212.773889228763,121088.01888922874
2025-08-22,No,Not reached by 2026-08-12,,51,20456.26127198925,114052.39127198928
2025-08-29,No,Not reached by 2026-08-12,,50,19962.057236353343,107750.68723635336
2025-09-05,No,Not reached by 2026-08-12,,49,19817.646511209918,104486.39551120994
2025-09-12,No,Not reached by 2026-08-12,,48,19450.000886325284,99747.30088632529
2025-09-19,No,Not reached by 2026-08-12,,47,19039.31349409118,94585.06649409117
2025-09-26,No,Not reached by 2026-08-12,,46,18582.05206611596,90282.66506611594
2025-10-03,No,Not reached by 2026-08-12,,45,17932.293737204014,84489.83073720403
2025-10-10,No,Not reached by 2026-08-12,,44,17317.456844214368,79377.64284421432
2025-10-17,No,Not reached by 2026-08-12,,43,16598.87051120992,73870.2955112099
2025-10-24,No,Not reached by 2026-08-12,,42,16047.316886325283,68751.10288632527
2025-10-31,No,Not reached by 2026-08-12,,41,15347.91049409118,63942.539494091194
2025-11-07,No,Not reached by 2026-08-12,,40,14783.74506611596,59384.194066115946
2025-11-14,No,Not reached by 2026-08-12,,39,14323.412465182739,54844.07546518272
2025-11-21,No,Not reached by 2026-08-12,,38,13335.15906611596,46716.25406611596
2025-11-26,No,Not reached by 2026-08-12,,37,12615.97049409118,41288.712494091174
2025-12-05,No,Not reached by 2026-08-12,,36,12318.835066115962,38183.36906611594
2025-12-12,No,Not reached by 2026-08-12,,35,11835.755465182738,35233.63146518274
2025-12-19,No,Not reached by 2026-08-12,,34,11085.426465182738,30835.939465182735
2025-12-26,No,Not reached by 2026-08-12,,33,10981.43549409118,27139.003494091176
2026-01-02,No,Not reached by 2026-08-12,,32,10833.961066115962,25133.175066115953
2026-01-09,No,Not reached by 2026-08-12,,31,10498.172912171458,23055.73491217145
2026-01-16,No,Not reached by 2026-08-12,,30,10811.826337006167,21795.889337006174
2026-01-23,No,Not reached by 2026-08-12,,29,10888.316382506047,20381.726382506055
2026-01-30,No,Not reached by 2026-08-12,,28,11909.733027789493,19098.911027789494
2026-02-06,No,Not reached by 2026-08-12,,27,12183.752465182737,18069.842465182734
2026-02-13,No,Not reached by 2026-08-12,,26,11718.127889228766,16571.83988922876
2026-02-20,No,Not reached by 2026-08-12,,25,11683.44727198925,15768.177271989247
2026-02-27,No,Not reached by 2026-08-12,,24,11884.717236353343,15003.148236353347
2026-03-06,No,Not reached by 2026-08-12,,23,11811.261135266359,14265.91213526636
2026-03-13,No,Not reached by 2026-08-12,,22,11990.906889228765,13469.874889228764
2026-03-20,No,Not reached by 2026-08-12,,21,11988.153196220212,12614.465196220213
2026-03-27,No,Not reached by 2026-08-12,,20,11579.460236353347,11805.963236353346
2026-04-02,No,Not reached by 2026-08-12,,19,11268.299135266361,11030.29413526636
2026-04-10,No,Not reached by 2026-08-12,,18,10767.759961977377,10290.002961977378
2026-04-17,No,Not reached by 2026-08-12,,17,10207.37326505012,9574.389265050122
2026-04-24,No,Not reached by 2026-08-12,,16,9442.552196220213,8891.172196220214
2026-05-01,No,Not reached by 2026-08-12,,15,8742.542685378194,8238.956685378194
2026-05-08,No,Not reached by 2026-08-12,,14,8232.739737204014,7616.407737204014
2026-05-15,No,Not reached by 2026-08-12,,13,7451.883737204013,6983.487737204014
2026-05-22,No,Not reached by 2026-08-12,,12,6591.406844214367,6352.619844214367
2026-05-29,No,Not reached by 2026-08-12,,11,5871.99251120992,5748.91851120992
2026-06-05,No,Not reached by 2026-08-12,,10,5155.367886325283,5171.213886325283
2026-06-12,No,Not reached by 2026-08-12,,9,4481.76749409118,4618.38649409118
2026-06-18,No,Not reached by 2026-08-12,,8,3874.707066115961,4089.3650661159613
2026-06-26,No,Not reached by 2026-08-12,,7,3180.7404651827383,3583.1244651827383
2026-07-02,No,Not reached by 2026-08-12,,6,2720.794698739463,3098.6836987394627
2026-07-10,No,Not reached by 2026-08-12,,5,2173.7940179324996,2635.1040179325
2026-07-17,No,Not reached by 2026-08-12,,4,1683.2570985000002,2191.4870985000002
2026-07-24,No,Not reached by 2026-08-12,,3,1231.2123000000001,1766.9733
2026-07-31,No,Not reached by 2026-08-12,,2,806.625,1360.74
2026-08-07,No,Not reached by 2026-08-12,,1,399.53099999999995,972.0
2026-08-12,No,Not reached by 2026-08-12,,0,0.0,600.0
