20260716;00:00;29516.953;29524.789;29515.22;29521.453
20260716;00:01;29521.287;29534.92;29514.22;29534.71
20260716;00:02;29534.565;29544.999;29533.465;29536.554
20260716;00:03;29536.809;29545.499;29536.221;29541.464
20260716;00:04;29540.865;29542.365;29535.31;29539.109
20260716;00:05;29538.965;29548.799;29538.965;29546.199
20260716;00:06;29545.565;29552.999;29545.565;29552.565
20260716;00:07;29552.721;29552.999;29539.732;29543.289
20260716;00:08;29543.475;29546.486;29541.043;29541.699
20260716;00:09;29541.098;29545.276;29539.832;29541.842
20260716;00:10;29541.543;29543.898;29537.032;29542.498
20260716;00:11;29542.286;29544.189;29539.076;29543.276
20260716;00:12;29543.053;29543.189;29537.354;29538.797
20260716;00:13;29538.789;29542.808;29536.743;29540.597
20260716;00:14;29540.465;29540.954;29530.989;29532.742
20260716;00:15;29532.564;29533.497;29531.098;29531.875
20260716;00:16;29531.253;29533.287;29527.021;29528.786
20260716;00:17;29528.92;29533.92;29528.786;29531.21
20260716;00:18;29531.109;29531.319;29527.232;29527.975
20260716;00:19;29528.499;29530.575;29525.476;29525.476
20260716;00:20;29525.321;29529.064;29523.831;29528.689
20260716;00:21;29528.976;29529.599;29527.031;29528.21
20260716;00:22;29527.499;29529.089;29521.843;29525.254
20260716;00:23;29525.365;29525.932;29514.798;29522.242
20260716;00:24;29521.919;29522.776;29517.542;29519.21
20260716;00:25;29519.364;29521.099;29517.032;29520.689
20260716;00:26;29520.776;29523.376;29518.753;29522.497
20260716;00:27;29522.721;29524.01;29519.92;29520.387
20260716;00:28;29520.289;29521.189;29518.498;29520.754
20260716;00:29;29520.532;29522.199;29518.386;29521.287
20260716;00:30;29521.32;29528.799;29517.975;29519.943
20260716;00:31;29520.743;29520.831;29513.298;29515.789
20260716;00:32;29515.787;29521.076;29513.887;29519.543
20260716;00:33;29519.02;29521.089;29514.819;29515.287
20260716;00:34;29515.098;29516.565;29510.875;29512.619
20260716;00:35;29512.398;29514.009;29508.454;29509.743
20260716;00:36;29509.264;29509.887;29494.954;29499.065
20260716;00:37;29499.308;29500.032;29496.342;29500.009
20260716;00:38;29499.875;29499.875;29493.81;29495.897
20260716;00:39;29496.087;29496.999;29493.997;29494.909
20260716;00:40;29495.042;29495.789;29493.532;29495.453
20260716;00:41;29495.976;29496.854;29493.753;29493.965
20260716;00:42;29494.043;29494.999;29491.199;29493.589
20260716;00:43;29493.875;29499.064;29492.798;29498.464
20260716;00:44;29498.597;29501.008;29488.732;29489.564
20260716;00:45;29489.42;29503.689;29489.42;29503.689
20260716;00:46;29503.386;29504.076;29501.064;29501.72
20260716;00:47;29501.521;29502.608;29497.031;29498.365
20260716;00:48;29498.975;29498.975;29496.01;29496.01
20260716;00:49;29495.554;29496.189;29485.843;29487.398
20260716;00:50;29487.297;29498.543;29486.032;29492.986
20260716;00:51;29492.721;29493.099;29489.308;29490.875
20260716;00:52;29490.921;29490.921;29485.589;29489.298
20260716;00:53;29489.865;29490.965;29488.031;29488.721
20260716;00:54;29488.908;29517.998;29488.753;29495.109
20260716;00:55;29494.775;29496.876;29481.775;29491.453
20260716;00:56;29491.21;29525.253;29490.542;29523.242
20260716;00:57;29523.832;29527.509;29513.987;29524.287
20260716;00:58;29523.931;29524.789;29516.932;29517.732
20260716;00:59;29517.242;29526.387;29516.72;29521.886
20260716;01:00;29521.608;29532.31;29516.51;29524.253
20260716;01:01;29523.831;29529.521;29521.308;29528.32
20260716;01:02;29528.597;29533.386;29526.832;29533.099
20260716;01:03;29531.41;29533.499;29528.542;29533.099
20260716;01:04;29532.987;29533.098;29527.843;29529.91
20260716;01:05;29530.398;29530.432;29516.576;29517.397
20260716;01:06;29517.689;29520.999;29516.319;29520.22
20260716;01:07;29519.921;29520.989;29515.289;29518.742
20260716;01:08;29519.086;29520.989;29516.897;29519.92
20260716;01:09;29520.032;29525.608;29518.021;29525.231
20260716;01:10;29524.843;29528.298;29524.831;29524.931
20260716;01:11;29524.975;29532.619;29524.975;29531.832
20260716;01:12;29532.199;29540.519;29528.832;29538.331
20260716;01:13;29538.476;29538.776;29527.464;29527.52
20260716;01:14;29527.476;29527.832;29522.609;29524.508
20260716;01:15;29524.32;29524.475;29514.787;29518.275
20260716;01:16;29518.754;29520.287;29510.931;29513.221
20260716;01:17;29514.098;29515.842;29510.353;29510.931
20260716;01:18;29509.221;29511.51;29501.942;29506.765
20260716;01:19;29506.853;29512.542;29506.853;29509.432
20260716;01:20;29509.765;29509.765;29504.442;29508.421
20260716;01:21;29508.531;29521.999;29508.531;29516.586
20260716;01:22;29516.808;29517.565;29513.265;29515.453
20260716;01:23;29515.097;29515.097;29511.575;29513.089
20260716;01:24;29512.754;29512.92;29503.92;29512.189
20260716;01:25;29511.365;29511.897;29505.564;29505.564
20260716;01:26;29505.989;29522.408;29500.908;29521.189
20260716;01:27;29520.843;29527.486;29520.21;29526.531
20260716;01:28;29526.365;29528.465;29524.386;29524.81
20260716;01:29;29525.431;29525.819;29521.776;29521.821
20260716;01:30;29521.921;29526.475;29521.087;29521.32
20260716;01:31;29520.597;29524.243;29517.92;29519.097
20260716;01:32;29519.509;29523.809;29517.398;29523.609
20260716;01:33;29523.798;29536.119;29523.364;29536.119
20260716;01:34;29536.089;29537.531;29532.265;29534.954
20260716;01:35;29535.409;29535.599;29533.221;29533.319
20260716;01:36;29532.92;29533.119;29530.72;29531.064
20260716;01:37;29531.599;29533.189;29528.42;29528.776
20260716;01:38;29528.586;29529.499;29521.543;29521.776
20260716;01:39;29522.21;29522.731;29509.02;29510.343
20260716;01:40;29510.431;29512.954;29509.819;29511.51
20260716;01:41;29511.331;29511.331;29505.32;29507.487
20260716;01:42;29507.108;29508.819;29506.076;29508.819
20260716;01:43;29507.299;29521.854;29505.31;29518.976
20260716;01:44;29518.909;29528.475;29518.909;29525.443
20260716;01:45;29525.989;29531.843;29521.287;29527.332
20260716;01:46;29527.41;29527.41;29518.01;29518.842
20260716;01:47;29518.754;29518.789;29509.308;29512.787
20260716;01:48;29512.619;29516.199;29510.486;29512.109
20260716;01:49;29512.22;29512.898;29495.843;29497.598
20260716;01:50;29497.431;29502.109;29492.286;29502.109
20260716;01:51;29502.553;29510.342;29495.953;29496.989
20260716;01:52;29496.865;29503.089;29494.608;29494.764
20260716;01:53;29493.997;29498.798;29493.031;29496.875
20260716;01:54;29497.419;29498.21;29493.342;29497.353
20260716;01:55;29496.876;29509.054;29492.564;29503.989
20260716;01:56;29503.587;29506.287;29500.797;29505.043
20260716;01:57;29504.732;29504.732;29493.097;29495.031
20260716;01:58;29495.065;29497.819;29490.264;29490.543
20260716;01:59;29490.853;29499.699;29487.221;29495.342
20260716;02:00;29494.608;29505.886;29488.497;29498.832
20260716;02:01;29499.443;29524.042;29499.443;29522.421
20260716;02:02;29522.019;29548.264;29521.42;29542.086
20260716;02:03;29541.742;29549.342;29526.243;29532.489
20260716;02:04;29532.699;29545.432;29527.797;29545.253
20260716;02:05;29545.254;29549.743;29536.287;29538.097
20260716;02:06;29537.964;29538.789;29524.789;29531.853
20260716;02:07;29532.331;29539.386;29525.497;29528.953
20260716;02:08;29528.789;29542.064;29526.354;29532.365
20260716;02:09;29532.975;29548.02;29528.754;29536.843
20260716;02:10;29535.953;29545.542;29531.721;29533.509
20260716;02:11;29533.576;29540.51;29532.021;29533.231
20260716;02:12;29533.109;29539.965;29526.532;29535.886
20260716;02:13;29535.564;29556.221;29535.553;29550.199
20260716;02:14;29550.076;29561.431;29547.998;29559.276
20260716;02:15;29559.599;29567.289;29540.599;29540.599
20260716;02:16;29540.519;29542.01;29517.287;29520.987
20260716;02:17;29520.887;29526.031;29515.265;29519.289
20260716;02:18;29519.276;29519.997;29506.508;29508.799
20260716;02:19;29508.519;29512.089;29499.597;29500.908
20260716;02:20;29502.098;29506.119;29488.72;29504.765
20260716;02:21;29505.576;29509.908;29498.343;29507.419
20260716;02:22;29506.589;29508.599;29495.098;29502.02
20260716;02:23;29501.531;29508.064;29497.442;29498.843
20260716;02:24;29498.875;29502.865;29490.331;29497.742
20260716;02:25;29497.554;29506.876;29494.254;29504.109
20260716;02:26;29504.353;29505.387;29479.865;29481.831
20260716;02:27;29481.554;29482.965;29467.254;29471.486
20260716;02:28;29470.453;29490.043;29468.742;29483.997
20260716;02:29;29484.065;29484.843;29470.831;29474.364
20260716;02:30;29474.576;29480.764;29462.076;29480.764
20260716;02:31;29480.221;29483.489;29461.819;29462.297
20260716;02:32;29462.876;29464.965;29458.031;29459.021
20260716;02:33;29459.499;29482.989;29459.253;29478.032
20260716;02:34;29477.886;29500.298;29475.076;29498.309
20260716;02:35;29498.421;29498.819;29480.243;29491.31
20260716;02:36;29490.319;29492.531;29467.22;29470.909
20260716;02:37;29470.797;29475.776;29463.342;29465.076
20260716;02:38;29465.876;29469.599;29458.075;29458.075
20260716;02:39;29458.51;29464.843;29456.92;29459.008
20260716;02:40;29459.443;29459.443;29447.986;29452.008
20260716;02:41;29451.554;29453.81;29444.998;29449.119
20260716;02:42;29449.276;29450.398;29436.076;29436.598
20260716;02:43;29436.919;29445.189;29432.52;29441.619
20260716;02:44;29441.854;29442.109;29430.765;29430.765
20260716;02:45;29431.464;29437.398;29426.51;29427.987
20260716;02:46;29429.289;29436.865;29428.387;29435.408
20260716;02:47;29435.265;29452.242;29433.543;29438.987
20260716;02:48;29438.886;29443.31;29431.82;29442.375
20260716;02:49;29442.097;29455.608;29441.987;29453.932
20260716;02:50;29454.298;29455.487;29433.287;29434.343
20260716;02:51;29434.587;29452.332;29432.764;29451.098
20260716;02:52;29451.264;29481.953;29451.264;29474.075
20260716;02:53;29473.853;29475.954;29468.42;29469.999
20260716;02:54;29469.997;29473.321;29458.587;29458.754
20260716;02:55;29459.02;29461.597;29447.299;29451.965
20260716;02:56;29451.797;29459.832;29441.864;29459.376
20260716;02:57;29460.089;29460.853;29451.108;29458.089
20260716;02:58;29457.498;29461.375;29448.108;29453.22
20260716;02:59;29452.52;29456.898;29446.699;29456.275
20260716;03:00;29457.043;29470.589;29451.376;29457.842
20260716;03:01;29457.986;29461.81;29437.054;29445.043
20260716;03:02;29444.508;29453.731;29440.797;29444.254
20260716;03:03;29444.997;29464.786;29442.91;29464.387
20260716;03:04;29464.465;29469.31;29457.221;29464.31
20260716;03:05;29464.797;29472.52;29456.776;29456.776
20260716;03:06;29456.009;29459.499;29448.22;29453.31
20260716;03:07;29452.987;29458.586;29448.41;29453.054
20260716;03:08;29453.321;29469.386;29450.221;29463.297
20260716;03:09;29463.453;29470.01;29454.831;29461.231
20260716;03:10;29461.299;29463.886;29445.821;29448.431
20260716;03:11;29448.953;29451.275;29441.098;29442.576
20260716;03:12;29440.043;29440.043;29429.032;29431.254
20260716;03:13;29431.397;29432.52;29420.486;29428.786
20260716;03:14;29429.464;29437.199;29426.332;29430.587
20260716;03:15;29431.008;29434.332;29420.565;29427.331
20260716;03:16;29426.986;29427.999;29415.732;29421.954
20260716;03:17;29422.543;29423.865;29413.453;29414.587
20260716;03:18;29414.943;29415.076;29407.52;29413.221
20260716;03:19;29413.586;29415.731;29407.543;29408.008
20260716;03:20;29407.854;29417.953;29406.42;29416.41
20260716;03:21;29416.075;29432.689;29413.919;29413.919
20260716;03:22;29413.989;29417.376;29409.821;29412.454
20260716;03:23;29412.565;29420.031;29410.886;29419.589
20260716;03:24;29419.286;29422.786;29412.031;29417.41
20260716;03:25;29417.232;29422.764;29409.609;29415.454
20260716;03:26;29415.721;29425.789;29410.331;29420.064
20260716;03:27;29419.553;29421.809;29412.053;29412.053
20260716;03:28;29411.975;29426.919;29410.043;29418.975
20260716;03:29;29418.943;29419.498;29407.475;29409.587
20260716;03:30;29408.489;29416.699;29403.465;29412.953
20260716;03:31;29413.21;29423.189;29409.886;29414.299
20260716;03:32;29414.099;29420.331;29410.408;29410.408
20260716;03:33;29410.499;29410.799;29400.486;29401.02
20260716;03:34;29401.287;29412.821;29398.92;29412.821
20260716;03:35;29414.776;29425.298;29413.543;29423.786
20260716;03:36;29422.943;29437.019;29420.865;29432.409
20260716;03:37;29432.42;29435.286;29421.398;29434.989
20260716;03:38;29434.354;29438.553;29426.897;29427.52
20260716;03:39;29427.353;29446.609;29426.365;29440.432
20260716;03:40;29440.489;29449.397;29437.742;29442.289
20260716;03:41;29442.486;29450.419;29441.754;29441.964
20260716;03:42;29441.575;29441.575;29422.243;29426.489
20260716;03:43;29426.289;29429.089;29421.019;29423.908
20260716;03:44;29424.298;29427.099;29412.364;29419.319
20260716;03:45;29419.075;29428.819;29416.808;29428.597
20260716;03:46;29428.765;29448.753;29423.876;29448.753
20260716;03:47;29448.81;29457.098;29448.521;29453.319
20260716;03:48;29452.998;29466.765;29449.876;29466.421
20260716;03:49;29466.019;29482.509;29465.41;29479.975
20260716;03:50;29480.599;29487.289;29475.597;29481.732
20260716;03:51;29481.564;29486.099;29462.998;29464.81
20260716;03:52;29464.921;29479.498;29461.886;29478.821
20260716;03:53;29478.565;29478.689;29461.41;29463.032
20260716;03:54;29463.253;29484.199;29461.498;29475.119
20260716;03:55;29474.909;29488.897;29474.909;29487.854
20260716;03:56;29488.076;29490.854;29477.221;29478.298
20260716;03:57;29478.019;29478.019;29460.365;29460.92
20260716;03:58;29460.999;29461.786;29450.22;29452.254
20260716;03:59;29451.842;29459.02;29446.253;29454.409
20260716;04:00;29454.476;29457.065;29443.786;29447.31
20260716;04:01;29446.598;29451.875;29436.832;29440.809
20260716;04:02;29439.931;29440.099;29431.02;29435.242
20260716;04:03;29435.689;29438.497;29425.465;29428.043
20260716;04:04;29428.421;29435.464;29426.786;29429.032
20260716;04:05;29429.265;29435.231;29426.521;29430.742
20260716;04:06;29430.454;29436.076;29427.242;29433.009
20260716;04:07;29433.02;29438.397;29432.109;29434.832
20260716;04:08;29435.287;29444.499;29435.275;29439.254
20260716;04:09;29439.053;29439.764;29425.997;29427.087
20260716;04:10;29426.831;29432.998;29425.119;29430.087
20260716;04:11;29430.276;29443.442;29430.276;29440.509
20260716;04:12;29440.22;29446.765;29435.442;29439.386
20260716;04:13;29438.82;29442.51;29433.82;29435.053
20260716;04:14;29435.309;29443.921;29434.464;29443.921
20260716;04:15;29443.553;29454.589;29443.308;29449.586
20260716;04:16;29449.454;29449.454;29440.32;29443.689
20260716;04:17;29443.589;29457.587;29438.831;29457.342
20260716;04:18;29457.499;29466.999;29455.242;29463.443
20260716;04:19;29463.332;29473.243;29460.775;29472.786
20260716;04:20;29472.042;29476.099;29464.542;29471.087
20260716;04:21;29471.387;29475.599;29467.831;29473.065
20260716;04:22;29472.721;29482.619;29470.553;29482.343
20260716;04:23;29482.109;29493.589;29481.319;29492.91
20260716;04:24;29492.865;29499.989;29489.443;29497.054
20260716;04:25;29497.243;29501.92;29492.864;29499.275
20260716;04:26;29499.597;29503.589;29496.808;29501.721
20260716;04:27;29502.319;29509.976;29490.01;29496.253
20260716;04:28;29495.919;29496.189;29489.264;29494.598
20260716;04:29;29494.787;29501.432;29494.075;29500.797
20260716;04:30;29500.819;29502.731;29493.998;29497.799
20260716;04:31;29497.964;29499.299;29491.409;29491.409
20260716;04:32;29492.098;29500.331;29491.576;29494.942
20260716;04:33;29495.043;29507.998;29494.443;29502.387
20260716;04:34;29502.298;29504.989;29499.809;29502.486
20260716;04:35;29502.81;29510.875;29502.576;29505.353
20260716;04:36;29505.298;29511.089;29503.898;29507.221
20260716;04:37;29508.265;29510.965;29500.608;29500.72
20260716;04:38;29500.453;29507.253;29498.92;29500.919
20260716;04:39;29500.689;29504.787;29494.42;29502.232
20260716;04:40;29502.243;29503.787;29497.443;29503.787
20260716;04:41;29503.886;29505.009;29492.92;29494.421
20260716;04:42;29494.51;29495.832;29485.253;29489.721
20260716;04:43;29489.953;29498.599;29483.71;29483.821
20260716;04:44;29484.908;29484.908;29477.086;29483.031
20260716;04:45;29483.298;29494.009;29480.043;29490.842
20260716;04:46;29490.809;29497.365;29490.22;29494.065
20260716;04:47;29493.943;29496.099;29490.487;29495.776
20260716;04:48;29495.897;29500.819;29493.831;29500.589
20260716;04:49;29500.21;29522.054;29499.286;29507.042
20260716;04:50;29506.986;29512.609;29504.765;29506.721
20260716;04:51;29507.409;29510.842;29504.376;29509.309
20260716;04:52;29508.91;29512.997;29505.919;29512.764
20260716;04:53;29512.999;29523.365;29511.475;29522.619
20260716;04:54;29522.876;29527.799;29522.876;29525.999
20260716;04:55;29525.875;29531.521;29523.443;29530.331
20260716;04:56;29530.321;29531.497;29527.253;29527.476
20260716;04:57;29527.032;29531.476;29527.032;29530.32
20260716;04:58;29530.854;29539.489;29530.331;29539.064
20260716;04:59;29539.499;29539.965;29531.987;29532.119
20260716;05:00;29531.076;29534.099;29525.832;29530.243
20260716;05:01;29529.376;29534.608;29527.599;29531.431
20260716;05:02;29531.798;29535.608;29529.053;29535.01
20260716;05:03;29534.919;29537.464;29532.597;29534.409
20260716;05:04;29534.431;29535.608;29530.464;29532.943
20260716;05:05;29532.898;29547.599;29532.109;29547.598
20260716;05:06;29547.753;29552.299;29541.397;29545.387
20260716;05:07;29545.089;29545.576;29541.875;29544.832
20260716;05:08;29544.609;29552.597;29544.264;29552.331
20260716;05:09;29551.765;29554.099;29549.965;29553.597
20260716;05:10;29553.465;29554.689;29547.819;29550.419
20260716;05:11;29550.22;29556.064;29546.054;29552.975
20260716;05:12;29553.409;29554.897;29548.786;29549.375
20260716;05:13;29549.575;29553.597;29548.932;29553.32
20260716;05:14;29553.232;29555.999;29547.789;29553.887
20260716;05:15;29553.765;29554.808;29549.064;29551.298
20260716;05:16;29551.054;29555.564;29548.82;29548.82
20260716;05:17;29548.532;29549.119;29536.476;29536.519
20260716;05:18;29536.364;29536.364;29529.575;29535.089
20260716;05:19;29534.786;29534.786;29523.364;29526.519
20260716;05:20;29526.754;29531.319;29524.01;29524.319
20260716;05:21;29524.076;29529.575;29521.299;29528.421
20260716;05:22;29528.353;29536.099;29524.864;29533.919
20260716;05:23;29533.732;29533.887;29525.454;29527.997
20260716;05:24;29527.898;29528.486;29518.464;29521.454
20260716;05:25;29521.409;29523.442;29520.21;29521.489
20260716;05:26;29521.397;29524.765;29520.932;29522.743
20260716;05:27;29522.432;29522.432;29517.41;29518.021
20260716;05:28;29517.82;29523.999;29515.01;29523.999
20260716;05:29;29523.619;29524.799;29517.342;29522.01
20260716;05:30;29521.731;29538.919;29518.332;29538.799
20260716;05:31;29538.689;29549.409;29537.876;29542.287
20260716;05:32;29542.386;29546.989;29535.81;29539.498
20260716;05:33;29539.542;29545.408;29535.21;29544.798
20260716;05:34;29544.997;29547.019;29541.332;29544.754
20260716;05:35;29544.509;29551.189;29539.998;29548.721
20260716;05:36;29548.953;29548.953;29530.787;29531.264
20260716;05:37;29531.01;29537.387;29528.542;29534.897
20260716;05:38;29534.753;29535.842;29530.797;29530.975
20260716;05:39;29531.075;29534.619;29523.965;29524.343
20260716;05:40;29524.497;29539.775;29524.398;29531.987
20260716;05:41;29532.275;29533.819;29528.608;29530.886
20260716;05:42;29530.521;29531.097;29525.021;29526.587
20260716;05:43;29526.898;29529.897;29523.565;29526.765
20260716;05:44;29526.498;29528.499;29523.01;29525.331
20260716;05:45;29525.498;29528.443;29514.91;29516.82
20260716;05:46;29516.92;29520.964;29514.931;29517.353
20260716;05:47;29517.498;29524.854;29514.754;29521.319
20260716;05:48;29521.321;29523.408;29512.987;29521.087
20260716;05:49;29521.319;29521.989;29512.421;29512.81
20260716;05:50;29512.765;29529.065;29511.432;29527.743
20260716;05:51;29527.586;29529.976;29519.82;29523.689
20260716;05:52;29523.542;29531.199;29523.52;29526.875
20260716;05:53;29526.554;29528.599;29524.376;29525.487
20260716;05:54;29525.999;29536.999;29525.608;29532.497
20260716;05:55;29532.332;29536.689;29529.92;29531.01
20260716;05:56;29530.943;29536.908;29529.331;29535.032
20260716;05:57;29535.308;29536.097;29530.275;29532.075
20260716;05:58;29532.319;29542.886;29531.443;29541.986
20260716;05:59;29542.343;29548.199;29542.086;29548.108
20260716;06:00;29548.076;29553.276;29545.808;29550.498
20260716;06:01;29550.931;29552.765;29544.032;29548.508
20260716;06:02;29548.999;29552.42;29546.476;29549.454
20260716;06:03;29549.454;29552.789;29547.064;29549.019
20260716;06:04;29549.309;29549.309;29542.031;29543.321
20260716;06:05;29543.576;29546.998;29538.821;29546.532
20260716;06:06;29546.808;29546.808;29542.054;29546.754
20260716;06:07;29547.043;29550.797;29543.009;29548.976
20260716;06:08;29549.064;29549.598;29530.109;29531.832
20260716;06:09;29530.842;29532.289;29527.842;29528.721
20260716;06:10;29528.51;29535.897;29527.453;29535.353
20260716;06:11;29535.41;29548.699;29535.41;29545.776
20260716;06:12;29545.699;29551.564;29544.731;29549.51
20260716;06:13;29549.431;29552.243;29547.119;29550.075
20260716;06:14;29549.72;29560.189;29549.22;29559.365
20260716;06:15;29559.498;29559.499;29548.954;29550.989
20260716;06:16;29550.619;29551.419;29535.231;29536.819
20260716;06:17;29536.942;29539.464;29530.576;29531.289
20260716;06:18;29531.42;29536.954;29530.543;29530.897
20260716;06:19;29530.931;29532.289;29528.543;29529.842
20260716;06:20;29529.786;29533.699;29529.243;29533.699
20260716;06:21;29533.531;29533.789;29517.265;29518.886
20260716;06:22;29519.054;29521.587;29514.575;29516.789
20260716;06:23;29516.464;29521.908;29516.387;29519.432
20260716;06:24;29518.986;29528.289;29517.998;29527.789
20260716;06:25;29527.897;29529.099;29525.81;29527.264
20260716;06:26;29526.908;29527.753;29520.309;29523.22
20260716;06:27;29523.089;29526.42;29519.765;29524.699
20260716;06:28;29524.243;29525.509;29515.053;29516.997
20260716;06:29;29517.032;29523.054;29517.032;29521.265
20260716;06:30;29521.054;29522.699;29518.442;29519.41
20260716;06:31;29520.354;29525.775;29516.689;29524.776
20260716;06:32;29524.91;29525.589;29518.442;29518.442
20260716;06:33;29518.321;29519.453;29515.397;29519.432
20260716;06:34;29519.376;29521.699;29515.964;29516.91
20260716;06:35;29517.097;29519.076;29513.365;29515.519
20260716;06:36;29515.231;29517.253;29513.298;29513.919
20260716;06:37;29514.098;29516.909;29512.087;29513.275
20260716;06:38;29513.086;29513.489;29508.409;29509.464
20260716;06:39;29509.587;29512.375;29508.775;29510.108
20260716;06:40;29510.387;29510.453;29500.853;29507.553
20260716;06:41;29507.498;29514.743;29503.02;29513.01
20260716;06:42;29512.421;29514.276;29508.443;29510.464
20260716;06:43;29510.608;29516.999;29506.52;29514.442
20260716;06:44;29514.409;29515.598;29507.875;29508.398
20260716;06:45;29508.253;29511.453;29503.221;29511.319
20260716;06:46;29511.332;29511.489;29505.819;29506.053
20260716;06:47;29506.432;29509.031;29504.964;29506.799
20260716;06:48;29507.343;29511.419;29505.753;29509.853
20260716;06:49;29509.989;29513.699;29508.21;29511.554
20260716;06:50;29511.531;29515.921;29509.253;29511.41
20260716;06:51;29511.576;29513.021;29506.519;29508.443
20260716;06:52;29508.321;29516.699;29507.419;29514.231
20260716;06:53;29514.432;29516.689;29511.521;29515.453
20260716;06:54;29515.353;29516.998;29510.408;29515.509
20260716;06:55;29515.286;29521.342;29513.276;29517.432
20260716;06:56;29517.864;29517.864;29510.51;29512.81
20260716;06:57;29512.998;29513.999;29507.986;29512.276
20260716;06:58;29512.119;29518.119;29511.032;29516.731
20260716;06:59;29516.865;29518.076;29509.021;29512.764
20260716;07:00;29513.089;29527.408;29512.943;29520.919
20260716;07:01;29521.365;29523.689;29517.276;29523.232
20260716;07:02;29523.331;29524.432;29521.908;29523.408
20260716;07:03;29523.297;29528.989;29522.775;29527.854
20260716;07:04;29527.976;29529.999;29523.542;29525.021
20260716;07:05;29525.599;29528.898;29520.565;29521.81
20260716;07:06;29521.365;29528.999;29520.886;29527.487
20260716;07:07;29527.865;29527.921;29519.087;29519.331
20260716;07:08;29519.999;29521.309;29515.454;29518.397
20260716;07:09;29518.464;29519.81;29511.332;29512.053
20260716;07:10;29511.91;29520.064;29501.731;29517.199
20260716;07:11;29517.52;29534.975;29516.91;29534.799
20260716;07:12;29533.809;29542.019;29531.786;29540.789
20260716;07:13;29540.376;29548.597;29537.986;29546.499
20260716;07:14;29546.343;29552.299;29546.009;29551.797
20260716;07:15;29551.897;29570.576;29551.398;29562.465
20260716;07:16;29562.019;29563.964;29548.289;29550.732
20260716;07:17;29550.442;29556.464;29546.776;29549.189
20260716;07:18;29548.72;29555.797;29544.008;29544.008
20260716;07:19;29544.689;29554.089;29544.043;29553.042
20260716;07:20;29553.499;29560.386;29552.942;29555.321
20260716;07:21;29555.721;29558.786;29552.986;29558.199
20260716;07:22;29558.076;29567.854;29557.82;29567.854
20260716;07:23;29567.397;29573.843;29564.742;29573.297
20260716;07:24;29573.319;29573.554;29566.521;29567.264
20260716;07:25;29567.432;29579.986;29566.564;29575.489
20260716;07:26;29574.92;29579.942;29573.375;29574.532
20260716;07:27;29574.853;29575.886;29570.81;29571.043
20260716;07:28;29571.232;29572.343;29562.921;29562.921
20260716;07:29;29563.086;29572.199;29562.031;29570.832
20260716;07:30;29570.542;29600.599;29568.076;29586.309
20260716;07:31;29586.343;29588.387;29559.032;29559.543
20260716;07:32;29559.489;29561.308;29550.886;29552.965
20260716;07:33;29552.487;29553.808;29537.32;29540.865
20260716;07:34;29540.808;29541.599;29514.443;29515.575
20260716;07:35;29515.808;29515.808;29478.798;29478.798
20260716;07:36;29478.821;29497.199;29474.008;29496.286
20260716;07:37;29496.065;29503.087;29488.297;29501.999
20260716;07:38;29501.898;29507.376;29492.91;29498.108
20260716;07:39;29498.419;29501.553;29476.443;29484.832
20260716;07:40;29484.609;29487.789;29471.553;29485.589
20260716;07:41;29485.089;29503.589;29484.831;29503.589
20260716;07:42;29504.231;29513.519;29503.354;29503.354
20260716;07:43;29503.764;29520.275;29496.964;29514.276
20260716;07:44;29514.865;29515.331;29504.943;29507.764
20260716;07:45;29507.254;29515.699;29499.476;29500.321
20260716;07:46;29500.064;29502.897;29490.42;29495.054
20260716;07:47;29495.332;29502.221;29493.065;29498.076
20260716;07:48;29498.376;29504.108;29493.02;29497.243
20260716;07:49;29496.843;29501.019;29491.865;29496.41
20260716;07:50;29495.821;29498.009;29487.564;29494.321
20260716;07:51;29494.231;29496.087;29489.589;29492.52
20260716;07:52;29492.353;29494.599;29487.854;29490.575
20260716;07:53;29491.589;29494.409;29488.064;29491.72
20260716;07:54;29491.542;29492.064;29483.032;29488.887
20260716;07:55;29489.054;29508.075;29488.408;29507.553
20260716;07:56;29507.765;29511.297;29501.576;29502.81
20260716;07:57;29502.108;29506.808;29498.475;29502.753
20260716;07:58;29502.41;29502.41;29492.075;29494.332
20260716;07:59;29494.976;29497.919;29491.386;29491.464
20260716;08:00;29491.799;29530.764;29488.742;29529.897
20260716;08:01;29529.398;29533.742;29520.054;29520.386
20260716;08:02;29520.109;29521.919;29510.32;29514.364
20260716;08:03;29514.109;29518.443;29506.786;29513.264
20260716;08:04;29513.053;29516.254;29507.51;29512.231
20260716;08:05;29512.732;29523.387;29477.798;29479.443
20260716;08:06;29479.332;29481.589;29463.22;29470.999
20260716;08:07;29470.597;29473.221;29452.842;29456.954
20260716;08:08;29456.732;29535.489;29450.797;29514.42
20260716;08:09;29514.597;29542.253;29507.564;29521.732
20260716;08:10;29522.289;29526.275;29507.787;29510.908
20260716;08:11;29510.532;29515.942;29503.32;29508.109
20260716;08:12;29509.199;29522.199;29507.243;29514.043
20260716;08:13;29513.91;29521.864;29511.764;29519.319
20260716;08:14;29519.775;29535.089;29518.864;29535.089
20260716;08:15;29535.453;29541.242;29527.543;29539.964
20260716;08:16;29539.842;29543.319;29533.775;29541.053
20260716;08:17;29541.753;29552.976;29540.753;29542.619
20260716;08:18;29542.454;29544.32;29534.475;29543.91
20260716;08:19;29544.02;29546.232;29537.299;29541.51
20260716;08:20;29542.464;29546.897;29536.699;29539.32
20260716;08:21;29539.287;29540.008;29521.51;29526.043
20260716;08:22;29526.286;29527.776;29508.41;29509.875
20260716;08:23;29510.189;29510.954;29505.475;29508.864
20260716;08:24;29508.443;29508.443;29495.575;29500.275
20260716;08:25;29500.699;29506.343;29495.743;29500.076
20260716;08:26;29500.432;29503.499;29496.787;29499.789
20260716;08:27;29499.875;29501.808;29488.853;29491.289
20260716;08:28;29491.199;29495.476;29488.308;29491.931
20260716;08:29;29491.998;29500.787;29489.221;29490.542
20260716;08:30;29490.475;29501.199;29486.497;29493.71
20260716;08:31;29493.52;29495.464;29486.075;29488.32
20260716;08:32;29488.232;29496.199;29484.286;29490.287
20260716;08:33;29490.454;29492.92;29477.909;29480.276
20260716;08:34;29480.299;29481.689;29467.754;29472.565
20260716;08:35;29472.375;29472.898;29461.354;29466.619
20260716;08:36;29465.942;29466.009;29451.431;29452.232
20260716;08:37;29452.41;29463.498;29447.92;29461.764
20260716;08:38;29461.942;29470.298;29461.532;29470.298
20260716;08:39;29470.032;29480.289;29463.853;29477.286
20260716;08:40;29477.008;29488.299;29477.008;29486.565
20260716;08:41;29485.887;29486.986;29473.297;29476.699
20260716;08:42;29476.921;29483.875;29475.732;29481.998
20260716;08:43;29482.297;29483.999;29479.343;29482.264
20260716;08:44;29482.019;29482.499;29476.109;29478.509
20260716;08:45;29479.108;29479.486;29471.221;29471.71
20260716;08:46;29471.565;29473.221;29463.797;29469.486
20260716;08:47;29469.743;29475.342;29469.743;29473.499
20260716;08:48;29473.475;29476.032;29471.71;29473.542
20260716;08:49;29473.853;29488.299;29470.042;29485.909
20260716;08:50;29486.119;29487.531;29482.789;29486.043
20260716;08:51;29486.242;29488.876;29480.464;29481.398
20260716;08:52;29481.531;29485.453;29477.509;29478.01
20260716;08:53;29478.008;29479.387;29475.42;29475.997
20260716;08:54;29475.598;29479.289;29473.731;29479.289
20260716;08:55;29479.408;29491.199;29476.497;29489.386
20260716;08:56;29489.453;29498.297;29489.32;29493.398
20260716;08:57;29493.553;29496.919;29489.264;29495.064
20260716;08:58;29495.587;29496.354;29484.865;29491.376
20260716;08:59;29492.189;29493.609;29488.387;29489.475
20260716;09:00;29487.576;29490.975;29453.31;29453.765
20260716;09:01;29453.953;29453.953;29442.554;29448.354
20260716;09:02;29447.953;29451.921;29446.099;29449.098
20260716;09:03;29449.398;29455.508;29445.543;29454.799
20260716;09:04;29454.776;29467.81;29450.343;29467.81
20260716;09:05;29467.576;29469.32;29452.287;29453.72
20260716;09:06;29453.509;29462.21;29448.031;29454.753
20260716;09:07;29454.509;29455.886;29451.299;29452.997
20260716;09:08;29453.119;29459.099;29451.364;29452.887
20260716;09:09;29452.364;29459.497;29448.065;29453.775
20260716;09:10;29453.865;29455.498;29444.998;29445.432
20260716;09:11;29445.408;29450.987;29443.864;29447.786
20260716;09:12;29447.497;29448.297;29435.442;29438.743
20260716;09:13;29438.299;29438.853;29427.464;29428.908
20260716;09:14;29428.965;29437.731;29425.564;29425.953
20260716;09:15;29426.043;29428.908;29418.965;29425.22
20260716;09:16;29425.076;29425.076;29416.498;29420.508
20260716;09:17;29421.009;29437.299;29419.865;29432.065
20260716;09:18;29432.387;29436.532;29423.254;29426.92
20260716;09:19;29427.02;29433.289;29424.442;29430.498
20260716;09:20;29430.498;29447.965;29428.065;29445.308
20260716;09:21;29445.019;29452.289;29441.521;29450.931
20260716;09:22;29451.232;29453.689;29443.853;29445.932
20260716;09:23;29446.098;29447.264;29438.509;29442.419
20260716;09:24;29444.232;29444.232;29428.231;29436.521
20260716;09:25;29436.008;29440.297;29427.865;29429.453
20260716;09:26;29429.109;29433.598;29425.942;29429.089
20260716;09:27;29429.742;29433.989;29425.898;29425.898
20260716;09:28;29425.786;29427.242;29418.287;29426.587
20260716;09:29;29426.297;29428.454;29421.597;29427.365
20260716;09:30;29428.089;29434.099;29425.01;29429.365
20260716;09:31;29429.789;29431.221;29424.553;29427.976
20260716;09:32;29428.589;29428.999;29408.82;29412.486
20260716;09:33;29412.365;29416.31;29404.297;29411.797
20260716;09:34;29411.576;29420.289;29409.353;29419.789
20260716;09:35;29420.087;29421.109;29409.487;29409.487
20260716;09:36;29409.731;29409.731;29400.765;29404.232
20260716;09:37;29403.598;29409.887;29401.243;29402.119
20260716;09:38;29402.221;29403.999;29396.92;29397.989
20260716;09:39;29397.897;29400.089;29387.454;29389.553
20260716;09:40;29389.432;29390.575;29380.286;29385.01
20260716;09:41;29385.31;29390.32;29383.319;29383.342
20260716;09:42;29383.41;29390.443;29381.754;29388.119
20260716;09:43;29387.853;29389.598;29381.431;29386.308
20260716;09:44;29386.543;29386.809;29374.376;29375.087
20260716;09:45;29375.71;29375.897;29367.553;29371.853
20260716;09:46;29371.02;29371.999;29362.342;29370.221
20260716;09:47;29370.299;29374.931;29363.586;29366.754
20260716;09:48;29366.886;29376.475;29366.886;29372.509
20260716;09:49;29372.797;29387.431;29365.575;29384.965
20260716;09:50;29385.243;29387.999;29374.253;29377.331
20260716;09:51;29376.81;29381.287;29375.599;29378.597
20260716;09:52;29378.589;29378.589;29368.965;29370.787
20260716;09:53;29370.531;29376.189;29370.031;29373.797
20260716;09:54;29373.509;29376.909;29367.721;29370.331
20260716;09:55;29370.999;29371.586;29356.864;29360.921
20260716;09:56;29360.754;29360.942;29352.965;29359.21
20260716;09:57;29359.375;29361.521;29355.243;29359.297
20260716;09:58;29359.275;29372.842;29357.864;29372.842
20260716;09:59;29372.976;29374.264;29366.52;29367.253
20260716;10:00;29367.008;29377.275;29361.398;29362.887
20260716;10:01;29362.797;29367.989;29349.464;29352.398
20260716;10:02;29352.476;29364.776;29348.432;29359.32
20260716;10:03;29359.309;29360.489;29327.81;29330.276
20260716;10:04;29330.321;29341.289;29326.464;29341.289
20260716;10:05;29341.043;29350.009;29331.41;29346.754
20260716;10:06;29347.189;29351.308;29341.308;29346.343
20260716;10:07;29346.497;29353.386;29340.053;29341.289
20260716;10:08;29341.31;29341.598;29331.531;29334.087
20260716;10:09;29333.964;29338.808;29328.465;29331.789
20260716;10:10;29331.71;29332.71;29313.365;29317.243
20260716;10:11;29317.299;29317.299;29304.332;29307.71
20260716;10:12;29307.331;29309.364;29296.787;29300.864
20260716;10:13;29300.543;29315.019;29296.554;29314.031
20260716;10:14;29314.71;29316.865;29293.298;29295.964
20260716;10:15;29295.753;29300.499;29289.587;29293.587
20260716;10:16;29293.499;29296.289;29282.72;29291.51
20260716;10:17;29292.354;29325.887;29289.509;29325.409
20260716;10:18;29324.989;29325.989;29317.453;29323.02
20260716;10:19;29322.875;29323.953;29310.732;29321.832
20260716;10:20;29321.575;29331.832;29318.764;29326.575
20260716;10:21;29326.732;29346.532;29324.365;29346.32
20260716;10:22;29346.019;29354.42;29343.997;29353.297
20260716;10:23;29352.975;29359.586;29340.619;29344.543
20260716;10:24;29344.865;29345.353;29326.72;29329.276
20260716;10:25;29329.519;29341.089;29326.42;29333.519
20260716;10:26;29333.989;29344.809;29332.387;29340.453
20260716;10:27;29340.397;29341.009;29325.331;29328.575
20260716;10:28;29328.81;29338.089;29328.81;29334.098
20260716;10:29;29333.986;29343.297;29327.721;29343.297
20260716;10:30;29342.843;29347.009;29333.01;29343.875
20260716;10:31;29344.286;29352.254;29342.098;29349.976
20260716;10:32;29350.298;29359.619;29343.343;29344.609
20260716;10:33;29344.989;29356.365;29344.886;29351.998
20260716;10:34;29352.775;29356.532;29346.799;29349.343
20260716;10:35;29348.897;29367.019;29347.264;29366.021
20260716;10:36;29365.71;29372.486;29361.487;29372.397
20260716;10:37;29372.82;29378.376;29366.897;29367.597
20260716;10:38;29367.464;29381.231;29363.943;29376.319
20260716;10:39;29376.343;29380.409;29372.832;29373.376
20260716;10:40;29373.386;29378.086;29367.454;29373.786
20260716;10:41;29373.897;29379.931;29371.232;29372.609
20260716;10:42;29372.72;29373.065;29363.887;29365.509
20260716;10:43;29366.508;29367.331;29356.22;29356.953
20260716;10:44;29357.087;29362.289;29348.432;29354.589
20260716;10:45;29354.032;29366.997;29354.032;29366.997
20260716;10:46;29367.299;29381.075;29364.887;29381.075
20260716;10:47;29381.309;29390.409;29380.487;29389.843
20260716;10:48;29389.409;29390.987;29383.51;29387.82
20260716;10:49;29388.019;29395.854;29387.42;29391.408
20260716;10:50;29391.51;29391.51;29385.519;29387.376
20260716;10:51;29387.021;29393.221;29385.287;29386.843
20260716;10:52;29386.932;29388.099;29381.519;29385.897
20260716;10:53;29386.02;29394.576;29383.843;29386.965
20260716;10:54;29387.01;29391.999;29386.009;29387.886
20260716;10:55;29387.754;29393.786;29386.965;29393.786
20260716;10:56;29393.842;29394.332;29385.943;29391.308
20260716;10:57;29391.376;29391.498;29385.119;29388.908
20260716;10:58;29388.989;29396.999;29387.543;29395.554
20260716;10:59;29395.498;29399.387;29394.998;29395.964
20260716;11:00;29396.053;29423.964;29396.053;29422.054
20260716;11:01;29422.297;29422.297;29406.386;29407.498
20260716;11:02;29407.431;29423.276;29406.531;29421.119
20260716;11:03;29420.743;29422.908;29415.854;29421.908
20260716;11:04;29421.776;29426.397;29417.189;29420.819
20260716;11:05;29420.998;29426.799;29413.521;29415.842
20260716;11:06;29416.287;29424.887;29415.72;29418.376
20260716;11:07;29418.231;29418.509;29409.464;29410.343
20260716;11:08;29410.587;29415.031;29409.087;29410.843
20260716;11:09;29410.731;29413.51;29407.099;29411.91
20260716;11:10;29411.875;29419.021;29409.342;29413.099
20260716;11:11;29412.808;29433.989;29412.554;29432.91
20260716;11:12;29433.089;29435.876;29430.064;29433.243
20260716;11:13;29433.297;29438.821;29432.221;29435.82
20260716;11:14;29434.954;29437.92;29429.409;29430.089
20260716;11:15;29429.619;29446.999;29429.619;29446.508
20260716;11:16;29446.409;29449.265;29440.942;29440.942
20260716;11:17;29441.353;29443.075;29437.843;29438.587
20260716;11:18;29438.765;29439.265;29428.386;29429.376
20260716;11:19;29430.075;29434.119;29428.887;29432.02
20260716;11:20;29432.575;29433.087;29424.487;29424.608
20260716;11:21;29425.532;29442.986;29425.532;29434.043
20260716;11:22;29434.189;29434.499;29427.031;29427.031
20260716;11:23;29426.998;29434.964;29425.02;29434.054
20260716;11:24;29433.865;29436.464;29428.221;29428.487
20260716;11:25;29428.531;29439.499;29428.008;29439.41
20260716;11:26;29439.442;29444.942;29437.042;29439.453
20260716;11:27;29438.987;29439.497;29423.354;29428.486
20260716;11:28;29428.919;29431.51;29424.297;29427.91
20260716;11:29;29428.043;29428.265;29415.565;29418.453
20260716;11:30;29419.408;29426.765;29414.72;29425.499
20260716;11:31;29425.476;29430.789;29421.943;29430.476
20260716;11:32;29430.589;29436.489;29424.443;29425.731
20260716;11:33;29425.998;29426.754;29416.498;29420.398
20260716;11:34;29420.099;29422.589;29413.953;29417.308
20260716;11:35;29417.087;29420.72;29414.365;29420.72
20260716;11:36;29420.865;29422.564;29408.032;29408.032
20260716;11:37;29408.287;29411.753;29406.053;29407.954
20260716;11:38;29407.942;29409.499;29402.087;29404.286
20260716;11:39;29404.821;29404.989;29401.243;29401.932
20260716;11:40;29401.387;29406.431;29395.908;29402.575
20260716;11:41;29402.787;29407.499;29401.232;29404.331
20260716;11:42;29404.486;29409.609;29402.487;29409.576
20260716;11:43;29409.919;29410.575;29402.821;29403.919
20260716;11:44;29403.365;29405.465;29388.964;29389.376
20260716;11:45;29388.797;29390.043;29378.532;29379.553
20260716;11:46;29379.808;29387.998;29374.065;29374.442
20260716;11:47;29374.265;29379.575;29369.364;29369.786
20260716;11:48;29369.699;29378.308;29369.419;29372.586
20260716;11:49;29372.465;29375.589;29370.042;29371.075
20260716;11:50;29370.72;29375.008;29366.054;29369.987
20260716;11:51;29370.076;29370.309;29363.998;29368.599
20260716;11:52;29368.542;29372.765;29362.81;29372.365
20260716;11:53;29372.497;29376.82;29365.308;29365.532
20260716;11:54;29365.699;29375.409;29365.332;29374.086
20260716;11:55;29373.832;29380.265;29360.753;29361.41
20260716;11:56;29361.499;29365.798;29354.009;29354.431
20260716;11:57;29355.843;29358.199;29351.353;29355.397
20260716;11:58;29355.086;29359.499;29336.597;29339.365
20260716;11:59;29338.943;29340.287;29332.52;29335.343
20260716;12:00;29335.087;29342.499;29326.919;29326.975
20260716;12:01;29326.297;29328.409;29319.586;29326.509
20260716;12:02;29327.754;29333.043;29322.043;29326.831
20260716;12:03;29326.731;29342.82;29326.731;29337.819
20260716;12:04;29337.608;29348.309;29336.975;29345.932
20260716;12:05;29346.009;29350.41;29339.043;29343.554
20260716;12:06;29343.509;29353.721;29342.01;29351.853
20260716;12:07;29351.542;29356.499;29347.808;29352.265
20260716;12:08;29352.443;29364.253;29352.443;29364.253
20260716;12:09;29364.364;29365.986;29359.91;29361.953
20260716;12:10;29362.01;29364.798;29357.808;29361.521
20260716;12:11;29360.398;29360.786;29347.243;29347.71
20260716;12:12;29347.887;29348.119;29341.076;29343.353
20260716;12:13;29342.964;29352.089;29342.842;29346.331
20260716;12:14;29346.508;29357.789;29345.808;29354.789
20260716;12:15;29355.297;29355.508;29345.689;29348.721
20260716;12:16;29348.976;29352.953;29340.565;29341.465
20260716;12:17;29341.732;29342.586;29337.797;29339.608
20260716;12:18;29339.497;29347.989;29338.72;29347.989
20260716;12:19;29347.41;29347.72;29340.932;29342.465
20260716;12:20;29342.753;29348.199;29336.243;29339.298
20260716;12:21;29338.589;29338.589;29323.953;29325.097
20260716;12:22;29325.375;29327.989;29322.054;29323.089
20260716;12:23;29322.721;29328.01;29319.965;29324.609
20260716;12:24;29322.743;29327.099;29316.353;29326.531
20260716;12:25;29326.51;29329.787;29321.232;29321.908
20260716;12:26;29321.797;29329.109;29318.52;29329.109
20260716;12:27;29329.221;29333.831;29324.754;29326.119
20260716;12:28;29326.087;29334.364;29323.554;29331.509
20260716;12:29;29331.332;29343.087;29328.887;29342.72
20260716;12:30;29341.808;29355.297;29341.397;29348.464
20260716;12:31;29348.398;29348.909;29339.798;29345.609
20260716;12:32;29345.364;29353.289;29341.354;29353.289
20260716;12:33;29352.753;29357.364;29348.765;29357.364
20260716;12:34;29357.421;29360.242;29354.542;29358.421
20260716;12:35;29358.787;29359.299;29343.264;29343.589
20260716;12:36;29343.275;29343.489;29336.842;29337.864
20260716;12:37;29337.765;29339.597;29335.521;29336.71
20260716;12:38;29336.886;29338.021;29330.599;29333.321
20260716;12:39;29332.876;29334.842;29315.108;29318.854
20260716;12:40;29318.387;29322.297;29315.909;29319.853
20260716;12:41;29319.931;29329.519;29319.931;29327.52
20260716;12:42;29326.897;29327.32;29319.276;29324.776
20260716;12:43;29324.999;29332.965;29323.731;29324.864
20260716;12:44;29324.864;29326.397;29320.787;29325.821
20260716;12:45;29325.921;29336.032;29324.821;29331.443
20260716;12:46;29331.232;29331.342;29319.432;29319.432
20260716;12:47;29318.309;29321.999;29310.286;29314.065
20260716;12:48;29315.298;29317.599;29312.076;29314.099
20260716;12:49;29314.032;29319.108;29309.065;29313.821
20260716;12:50;29313.776;29315.32;29307.743;29309.865
20260716;12:51;29309.832;29323.189;29309.343;29320.354
20260716;12:52;29320.354;29324.789;29317.875;29324.097
20260716;12:53;29324.264;29326.199;29320.042;29323.41
20260716;12:54;29322.776;29328.897;29319.997;29323.909
20260716;12:55;29322.608;29329.298;29321.008;29323.454
20260716;12:56;29323.608;29326.41;29321.997;29324.032
20260716;12:57;29324.319;29338.365;29324.319;29332.297
20260716;12:58;29333.199;29339.189;29327.832;29338.775
20260716;12:59;29338.554;29342.332;29330.898;29334.489
20260716;13:00;29334.689;29335.797;29297.553;29299.598
20260716;13:01;29299.876;29300.243;29279.109;29288.189
20260716;13:02;29290.275;29296.01;29287.408;29294.765
20260716;13:03;29295.286;29301.453;29292.854;29293.019
20260716;13:04;29293.931;29293.931;29287.764;29287.764
20260716;13:05;29287.876;29289.976;29278.942;29286.509
20260716;13:06;29286.343;29293.343;29281.776;29290.242
20260716;13:07;29290.421;29290.543;29278.521;29285.01
20260716;13:08;29284.987;29289.375;29282.364;29282.364
20260716;13:09;29282.254;29282.819;29269.297;29277.608
20260716;13:10;29277.832;29278.786;29264.976;29273.431
20260716;13:11;29273.119;29288.787;29271.408;29285.22
20260716;13:12;29285.409;29290.387;29283.854;29287.876
20260716;13:13;29288.054;29291.199;29283.543;29288.509
20260716;13:14;29288.819;29292.332;29281.008;29291.365
20260716;13:15;29291.989;29294.542;29276.508;29277.619
20260716;13:16;29277.989;29277.989;29254.042;29256.365
20260716;13:17;29256.031;29273.089;29251.831;29272.542
20260716;13:18;29272.454;29273.409;29255.331;29256.189
20260716;13:19;29255.721;29264.398;29253.908;29260.22
20260716;13:20;29259.364;29268.189;29258.876;29265.489
20260716;13:21;29265.599;29274.51;29265.342;29272.608
20260716;13:22;29272.743;29278.608;29270.853;29277.831
20260716;13:23;29277.743;29297.989;29273.02;29297.753
20260716;13:24;29297.498;29300.864;29294.454;29300.332
20260716;13:25;29300.375;29301.321;29294.432;29296.789
20260716;13:26;29296.31;29299.408;29289.275;29295.054
20260716;13:27;29295.397;29303.589;29294.097;29301.019
20260716;13:28;29300.598;29305.72;29297.342;29297.342
20260716;13:29;29297.275;29298.508;29270.01;29276.498
20260716;13:30;29276.409;29277.297;29264.886;29265.054
20260716;13:31;29265.454;29266.008;29242.409;29243.221
20260716;13:32;29243.365;29252.298;29242.22;29251.71
20260716;13:33;29251.565;29258.009;29251.398;29257.619
20260716;13:34;29257.008;29264.289;29253.72;29262.886
20260716;13:35;29262.81;29267.364;29258.075;29262.808
20260716;13:36;29263.297;29275.589;29261.842;29270.021
20260716;13:37;29270.519;29273.486;29267.565;29269.375
20260716;13:38;29269.042;29272.599;29241.432;29243.797
20260716;13:39;29243.554;29257.21;29241.308;29255.943
20260716;13:40;29255.81;29259.009;29252.098;29253.975
20260716;13:41;29253.876;29256.798;29250.52;29254.021
20260716;13:42;29254.309;29265.932;29252.476;29261.22
20260716;13:43;29261.342;29262.398;29248.442;29253.443
20260716;13:44;29253.609;29254.089;29234.754;29243.264
20260716;13:45;29243.032;29253.532;29242.286;29250.886
20260716;13:46;29251.265;29258.609;29243.876;29256.343
20260716;13:47;29256.464;29260.221;29241.575;29246.486
20260716;13:48;29245.986;29258.309;29243.921;29247.331
20260716;13:49;29248.21;29249.976;29168.987;29187.276
20260716;13:50;29188.787;29224.075;29188.787;29222.943
20260716;13:51;29224.065;29230.786;29219.82;29228.454
20260716;13:52;29228.732;29232.799;29220.086;29230.364
20260716;13:53;29229.908;29236.342;29224.753;29228.075
20260716;13:54;29228.331;29231.854;29224.009;29227.909
20260716;13:55;29226.753;29233.398;29224.865;29230.576
20260716;13:56;29230.108;29233.986;29215.864;29230.797
20260716;13:57;29230.909;29242.887;29230.909;29242.887
20260716;13:58;29242.897;29253.997;29241.409;29252.043
20260716;13:59;29252.243;29254.689;29246.898;29251.387
20260716;14:00;29251.289;29262.419;29246.065;29259.01
20260716;14:01;29259.908;29261.398;29254.598;29257.864
20260716;14:02;29258.042;29259.989;29250.954;29251.331
20260716;14:03;29251.554;29251.799;29237.353;29238.587
20260716;14:04;29238.754;29239.843;29215.232;29216.286
20260716;14:05;29216.019;29227.542;29197.532;29197.542
20260716;14:06;29197.786;29208.599;29197.786;29205.476
20260716;14:07;29205.354;29212.589;29199.319;29210.498
20260716;14:08;29210.609;29217.764;29208.909;29214.499
20260716;14:09;29214.532;29217.821;29206.22;29214.91
20260716;14:10;29216.01;29219.242;29203.51;29205.876
20260716;14:11;29206.908;29216.81;29204.843;29211.032
20260716;14:12;29211.287;29214.499;29207.589;29210.821
20260716;14:13;29210.553;29213.497;29205.831;29213.497
20260716;14:14;29213.831;29227.798;29211.521;29227.499
20260716;14:15;29227.587;29228.02;29216.975;29219.921
20260716;14:16;29220.01;29231.597;29217.242;29231.264
20260716;14:17;29231.231;29236.099;29229.831;29235.508
20260716;14:18;29235.075;29243.109;29233.509;29238.999
20260716;14:19;29238.897;29241.31;29233.075;29239.065
20260716;14:20;29238.932;29241.398;29235.786;29236.332
20260716;14:21;29237.199;29244.289;29200.476;29218.798
20260716;14:22;29218.764;29223.221;29212.72;29212.842
20260716;14:23;29212.232;29220.965;29207.375;29208.82
20260716;14:24;29208.598;29209.497;29187.019;29189.897
20260716;14:25;29189.92;29194.787;29183.553;29189.02
20260716;14:26;29189.365;29198.953;29189.365;29197.875
20260716;14:27;29197.775;29202.119;29195.32;29200.731
20260716;14:28;29200.954;29203.476;29198.832;29200.586
20260716;14:29;29200.754;29215.321;29200.054;29211.064
20260716;14:30;29210.843;29228.609;29197.542;29216.875
20260716;14:31;29216.498;29217.264;29198.097;29199.089
20260716;14:32;29198.72;29203.031;29193.265;29197.276
20260716;14:33;29196.998;29221.354;29196.31;29219.576
20260716;14:34;29219.108;29224.919;29214.876;29221.965
20260716;14:35;29222.375;29223.575;29214.342;29216.789
20260716;14:36;29216.92;29218.054;29204.931;29205.22
20260716;14:37;29205.499;29206.997;29170.309;29176.299
20260716;14:38;29176.309;29189.699;29175.386;29185.532
20260716;14:39;29186.242;29192.354;29181.942;29184.887
20260716;14:40;29185.275;29194.564;29176.831;29179.789
20260716;14:41;29179.931;29190.089;29177.276;29178.297
20260716;14:42;29178.589;29188.189;29176.497;29180.287
20260716;14:43;29180.554;29187.721;29176.908;29181.398
20260716;14:44;29181.42;29182.375;29173.454;29179.576
20260716;14:45;29179.999;29183.008;29168.075;29179.986
20260716;14:46;29179.854;29197.299;29174.51;29196.299
20260716;14:47;29196.375;29205.265;29194.254;29199.797
20260716;14:48;29199.531;29202.343;29197.919;29201.089
20260716;14:49;29201.289;29202.497;29187.375;29194.908
20260716;14:50;29195.076;29200.499;29192.986;29198.32
20260716;14:51;29198.564;29204.742;29188.699;29193.397
20260716;14:52;29194.298;29207.543;29194.298;29207.542
20260716;14:53;29207.32;29216.854;29206.508;29214.865
20260716;14:54;29215.489;29218.999;29213.486;29215.375
20260716;14:55;29215.21;29215.819;29199.354;29200.309
20260716;14:56;29199.953;29203.421;29196.421;29203.331
20260716;14:57;29203.321;29209.032;29202.109;29205.297
20260716;14:58;29204.821;29206.353;29197.22;29200.543
20260716;14:59;29200.989;29201.887;29196.542;29197.064
20260716;15:00;29196.942;29230.787;29192.498;29230.053
20260716;15:01;29230.376;29241.476;29228.276;29228.276
20260716;15:02;29228.742;29230.408;29214.065;29214.065
20260716;15:03;29213.943;29220.599;29209.342;29220.599
20260716;15:04;29220.554;29230.489;29217.432;29230.489
20260716;15:05;29230.231;29235.275;29225.453;29233.864
20260716;15:06;29234.22;29235.442;29228.498;29233.71
20260716;15:07;29233.998;29245.199;29232.819;29243.853
20260716;15:08;29243.531;29249.799;29241.565;29242.953
20260716;15:09;29242.997;29248.319;29240.798;29245.897
20260716;15:10;29245.52;29249.075;29243.464;29245.298
20260716;15:11;29245.589;29252.789;29236.475;29249.032
20260716;15:12;29249.308;29257.397;29247.887;29252.398
20260716;15:13;29252.009;29261.409;29250.521;29261.042
20260716;15:14;29261.098;29262.119;29252.521;29255.497
20260716;15:15;29255.221;29257.242;29246.543;29250.199
20260716;15:16;29249.876;29258.82;29249.876;29255.542
20260716;15:17;29255.864;29263.597;29253.775;29255.954
20260716;15:18;29255.876;29263.575;29254.832;29256.909
20260716;15:19;29256.532;29263.343;29254.021;29261.998
20260716;15:20;29261.886;29269.564;29261.032;29263.242
20260716;15:21;29263.798;29282.021;29260.408;29277.789
20260716;15:22;29277.409;29278.286;29266.998;29275.065
20260716;15:23;29275.689;29285.531;29273.32;29284.097
20260716;15:24;29284.231;29292.408;29281.532;29288.999
20260716;15:25;29288.909;29288.909;29260.964;29262.265
20260716;15:26;29262.599;29267.71;29260.409;29266.542
20260716;15:27;29266.919;29274.109;29253.987;29263.853
20260716;15:28;29263.909;29266.409;29252.343;29258.699
20260716;15:29;29258.543;29274.976;29257.932;29268.498
20260716;15:30;29268.887;29334.932;29266.286;29310.41
20260716;15:31;29310.465;29333.509;29283.387;29328.01
20260716;15:32;29327.843;29333.286;29279.543;29289.521
20260716;15:33;29289.986;29305.299;29271.854;29280.297
20260716;15:34;29279.353;29286.91;29234.931;29236.91
20260716;15:35;29242.221;29252.353;29205.808;29220.975
20260716;15:36;29222.809;29241.797;29207.543;29230.087
20260716;15:37;29231.189;29275.998;29231.189;29243.865
20260716;15:38;29244.599;29244.599;29201.298;29210.754
20260716;15:39;29212.087;29224.864;29183.919;29190.276
20260716;15:40;29189.976;29238.787;29178.309;29203.954
20260716;15:41;29204.286;29205.809;29151.843;29156.699
20260716;15:42;29155.109;29168.297;29139.987;29152.608
20260716;15:43;29152.553;29161.854;29134.32;29153.92
20260716;15:44;29154.342;29175.264;29113.499;29119.042
20260716;15:45;29119.932;29146.287;29113.331;29116.51
20260716;15:46;29115.942;29133.519;29106.875;29120.286
20260716;15:47;29120.743;29138.119;29110.299;29110.932
20260716;15:48;29109.809;29121.387;29073.819;29089.242
20260716;15:49;29089.189;29095.721;29070.242;29077.887
20260716;15:50;29077.486;29122.31;29070.72;29099.932
20260716;15:51;29100.308;29129.819;29090.354;29115.476
20260716;15:52;29115.297;29158.221;29113.853;29143.41
20260716;15:53;29143.199;29150.908;29098.489;29118.243
20260716;15:54;29118.864;29153.008;29095.489;29096.075
20260716;15:55;29096.542;29104.553;29065.853;29104.553
20260716;15:56;29102.398;29143.499;29096.354;29143.499
20260716;15:57;29143.764;29164.787;29103.342;29110.31
20260716;15:58;29110.489;29145.52;29106.532;29143.289
20260716;15:59;29144.02;29158.021;29139.764;29153.732
20260716;16:00;29151.375;29191.499;29128.075;29186.72
20260716;16:01;29186.619;29202.32;29168.821;29188.898
20260716;16:02;29188.231;29223.476;29187.431;29200.308
20260716;16:03;29199.92;29215.009;29187.52;29205.808
20260716;16:04;29205.597;29214.843;29187.275;29204.332
20260716;16:05;29204.798;29235.82;29191.064;29230.976
20260716;16:06;29229.589;29253.997;29228.875;29247.398
20260716;16:07;29247.364;29262.297;29235.509;29254.443
20260716;16:08;29255.51;29287.565;29252.998;29278.498
20260716;16:09;29277.91;29300.487;29256.842;29287.509
20260716;16:10;29286.054;29297.443;29278.386;29289.843
20260716;16:11;29289.92;29289.92;29264.997;29265.853
20260716;16:12;29264.931;29282.432;29253.91;29280.221
20260716;16:13;29281.008;29295.753;29280.487;29285.731
20260716;16:14;29285.976;29292.289;29265.498;29275.019
20260716;16:15;29274.487;29293.199;29267.82;29287.275
20260716;16:16;29286.586;29306.565;29275.532;29295.92
20260716;16:17;29295.976;29300.499;29270.42;29276.619
20260716;16:18;29276.308;29286.809;29259.919;29260.075
20260716;16:19;29261.01;29295.365;29250.287;29288.965
20260716;16:20;29288.531;29295.42;29249.553;29252.91
20260716;16:21;29252.264;29257.408;29228.265;29232.264
20260716;16:22;29231.932;29237.576;29204.442;29236.489
20260716;16:23;29236.798;29253.119;29217.808;29233.754
20260716;16:24;29233.521;29262.931;29232.032;29246.297
20260716;16:25;29244.954;29244.954;29212.72;29237.319
20260716;16:26;29238.52;29252.953;29220.853;29249.431
20260716;16:27;29249.499;29281.421;29239.419;29274.553
20260716;16:28;29274.989;29284.753;29265.932;29276.854
20260716;16:29;29276.021;29293.689;29276.021;29289.042
20260716;16:30;29289.264;29290.454;29266.821;29275.475
20260716;16:31;29275.609;29277.921;29245.909;29252.609
20260716;16:32;29252.443;29284.364;29246.921;29284.364
20260716;16:33;29283.289;29288.564;29277.409;29285.689
20260716;16:34;29285.875;29289.221;29264.975;29270.043
20260716;16:35;29267.475;29286.876;29265.464;29285.732
20260716;16:36;29285.542;29291.289;29272.91;29283.71
20260716;16:37;29283.442;29318.775;29278.309;29296.743
20260716;16:38;29297.243;29304.999;29277.087;29279.964
20260716;16:39;29278.52;29279.589;29252.864;29263.997
20260716;16:40;29263.465;29267.332;29235.876;29243.72
20260716;16:41;29242.998;29267.364;29232.543;29252.997
20260716;16:42;29251.909;29267.521;29246.009;29262.932
20260716;16:43;29262.897;29276.098;29262.242;29265.931
20260716;16:44;29266.887;29275.289;29256.798;29270.71
20260716;16:45;29270.764;29275.575;29253.408;29260.808
20260716;16:46;29261.397;29275.521;29255.053;29263.819
20260716;16:47;29264.309;29283.789;29255.22;29257.81
20260716;16:48;29257.065;29268.965;29246.743;29261.432
20260716;16:49;29261.865;29266.019;29244.52;29245.519
20260716;16:50;29246.075;29249.998;29196.531;29201.92
20260716;16:51;29203.453;29217.942;29195.41;29211.22
20260716;16:52;29211.753;29219.332;29193.089;29203.699
20260716;16:53;29202.789;29207.765;29191.008;29195.297
20260716;16:54;29194.743;29201.765;29183.476;29196.464
20260716;16:55;29196.32;29196.32;29168.798;29181.887
20260716;16:56;29181.41;29203.51;29174.253;29200.386
20260716;16:57;29199.421;29216.965;29195.721;29211.754
20260716;16:58;29212.332;29242.942;29210.553;29222.942
20260716;16:59;29222.189;29241.998;29218.743;29241.265
20260716;17:00;29241.243;29264.509;29234.897;29248.743
20260716;17:01;29248.332;29252.498;29231.009;29232.398
20260716;17:02;29231.331;29261.519;29226.965;29253.343
20260716;17:03;29253.387;29259.087;29217.119;29217.819
20260716;17:04;29217.919;29229.289;29209.597;29216.465
20260716;17:05;29216.243;29216.243;29192.265;29207.999
20260716;17:06;29208.232;29210.097;29186.553;29189.776
20260716;17:07;29190.375;29194.065;29177.753;29177.965
20260716;17:08;29178.254;29183.71;29172.454;29178.732
20260716;17:09;29177.997;29200.009;29173.275;29198.499
20260716;17:10;29199.22;29207.475;29183.375;29192.343
20260716;17:11;29192.386;29199.942;29180.765;29182.575
20260716;17:12;29183.054;29186.099;29163.508;29168.909
20260716;17:13;29167.51;29171.199;29149.442;29152.765
20260716;17:14;29152.998;29165.342;29142.087;29165.342
20260716;17:15;29164.886;29177.999;29154.321;29157.387
20260716;17:16;29157.565;29160.065;29142.865;29152.365
20260716;17:17;29152.31;29181.464;29150.231;29169.41
20260716;17:18;29170.319;29193.22;29168.997;29184.689
20260716;17:19;29183.821;29197.21;29174.42;29197.21
20260716;17:20;29197.931;29198.386;29169.954;29177.364
20260716;17:21;29179.51;29187.921;29163.92;29174.299
20260716;17:22;29174.289;29178.909;29155.542;29174.943
20260716;17:23;29175.998;29185.731;29171.987;29177.199
20260716;17:24;29176.41;29194.875;29168.343;29194.286
20260716;17:25;29193.887;29236.189;29193.842;29232.008
20260716;17:26;29232.909;29256.689;29228.464;29250.742
20260716;17:27;29252.254;29257.42;29228.464;29229.564
20260716;17:28;29228.887;29232.231;29190.486;29194.854
20260716;17:29;29194.387;29214.442;29192.831;29212.998
20260716;17:30;29213.742;29214.989;29175.554;29196.997
20260716;17:31;29196.731;29229.775;29194.875;29229.775
20260716;17:32;29229.886;29244.243;29223.964;29229.453
20260716;17:33;29230.619;29232.275;29216.053;29229.542
20260716;17:34;29229.475;29247.497;29226.243;29246.364
20260716;17:35;29244.798;29245.732;29230.909;29236.297
20260716;17:36;29236.586;29241.453;29219.519;29241.42
20260716;17:37;29241.908;29250.408;29228.221;29228.353
20260716;17:38;29228.819;29251.242;29226.931;29248.232
20260716;17:39;29247.354;29271.943;29246.898;29262.042
20260716;17:40;29262.21;29265.986;29234.699;29234.699
20260716;17:41;29233.998;29236.854;29196.575;29197.42
20260716;17:42;29198.089;29211.887;29192.264;29211.887
20260716;17:43;29211.108;29216.109;29194.465;29194.499
20260716;17:44;29194.353;29206.543;29187.475;29203.875
20260716;17:45;29203.475;29203.475;29175.565;29180.689
20260716;17:46;29179.089;29187.276;29163.265;29168.109
20260716;17:47;29168.754;29183.598;29166.91;29172.853
20260716;17:48;29172.997;29183.409;29169.053;29182.742
20260716;17:49;29182.689;29200.199;29161.743;29197.287
20260716;17:50;29196.886;29223.01;29196.365;29220.987
20260716;17:51;29221.042;29235.589;29220.232;29227.999
20260716;17:52;29227.775;29240.864;29217.254;29226.008
20260716;17:53;29226.042;29233.608;29213.865;29217.043
20260716;17:54;29217.897;29228.732;29210.353;29225.465
20260716;17:55;29225.254;29226.421;29188.775;29194.297
20260716;17:56;29194.02;29197.619;29179.354;29196.376
20260716;17:57;29196.91;29219.254;29196.91;29206.308
20260716;17:58;29206.21;29216.519;29199.498;29199.498
20260716;17:59;29199.298;29204.519;29191.564;29197.554
20260716;18:00;29198.332;29201.332;29174.543;29183.289
20260716;18:01;29183.798;29188.776;29168.41;29174.864
20260716;18:02;29174.731;29177.597;29156.92;29162.321
20260716;18:03;29162.076;29173.731;29157.365;29172.965
20260716;18:04;29172.599;29179.787;29143.42;29144.442
20260716;18:05;29145.308;29146.387;29119.608;29125.819
20260716;18:06;29126.298;29145.875;29122.886;29139.097
20260716;18:07;29140.375;29155.743;29136.465;29145.398
20260716;18:08;29144.987;29160.587;29143.321;29146.199
20260716;18:09;29146.309;29158.497;29144.921;29145.798
20260716;18:10;29145.421;29145.489;29123.808;29125.787
20260716;18:11;29125.931;29131.109;29113.908;29119.887
20260716;18:12;29119.565;29120.331;29108.575;29109.319
20260716;18:13;29108.41;29122.01;29095.332;29115.92
20260716;18:14;29116.419;29119.821;29098.754;29099.321
20260716;18:15;29098.432;29106.421;29085.92;29105.775
20260716;18:16;29105.599;29109.464;29092.575;29108.42
20260716;18:17;29108.599;29108.999;29090.031;29093.843
20260716;18:18;29094.309;29119.52;29091.943;29116.765
20260716;18:19;29117.587;29119.31;29096.975;29105.008
20260716;18:20;29104.987;29105.876;29075.097;29080.008
20260716;18:21;29079.998;29099.421;29078.364;29087.599
20260716;18:22;29087.221;29094.498;29072.098;29077.819
20260716;18:23;29077.92;29087.499;29069.486;29079.576
20260716;18:24;29078.919;29092.798;29073.265;29086.343
20260716;18:25;29085.41;29092.964;29075.01;29092.364
20260716;18:26;29092.587;29106.299;29091.865;29092.91
20260716;18:27;29093.453;29119.919;29092.798;29119.499
20260716;18:28;29119.042;29119.831;29107.52;29113.01
20260716;18:29;29113.499;29115.432;29091.51;29104.464
20260716;18:30;29105.754;29118.842;29100.289;29113.31
20260716;18:31;29113.997;29133.319;29105.297;29130.82
20260716;18:32;29129.721;29145.287;29123.953;29142.553
20260716;18:33;29142.776;29143.689;29121.964;29126.008
20260716;18:34;29126.253;29126.897;29118.843;29121.109
20260716;18:35;29119.476;29124.875;29096.431;29102.764
20260716;18:36;29102.942;29109.61;29094.421;29105.198
20260716;18:37;29105.154;29118.789;29101.743;29118.487
20260716;18:38;29118.621;29124.765;29094.143;29110.42
20260716;18:39;29109.998;29112.176;29094.131;29097.509
20260716;18:40;29097.921;29109.953;29091.02;29107.719
20260716;18:41;29107.61;29127.687;29105.164;29108.653
20260716;18:42;29108.476;29108.664;29091.221;29095.232
20260716;18:43;29096.075;29104.508;29093.743;29099.521
20260716;18:44;29099.721;29104.209;29096.054;29096.931
20260716;18:45;29097.553;29111.787;29086.153;29089.565
20260716;18:46;29090.498;29092.108;29075.421;29089.254
20260716;18:47;29090.075;29091.508;29077.72;29082.12
20260716;18:48;29081.519;29092.286;29077.754;29088.21
20260716;18:49;29088.275;29095.986;29081.289;29089.41
20260716;18:50;29089.721;29110.01;29077.975;29105.586
20260716;18:51;29105.531;29125.61;29104.142;29113.432
20260716;18:52;29113.486;29123.575;29107.775;29110.431
20260716;18:53;29110.553;29123.319;29106.543;29122.098
20260716;18:54;29122.61;29130.209;29117.299;29126.032
20260716;18:55;29125.642;29155.465;29124.976;29148.475
20260716;18:56;29148.532;29156.519;29138.019;29144.71
20260716;18:57;29144.954;29148.421;29133.187;29135.665
20260716;18:58;29135.742;29152.699;29127.976;29141.575
20260716;18:59;29141.921;29145.309;29136.431;29143.019
20260716;19:00;29143.597;29146.197;29099.098;29101.153
20260716;19:01;29102.443;29121.143;29100.71;29109.597
20260716;19:02;29108.61;29111.389;29089.71;29096.254
20260716;19:03;29096.442;29118.799;29094.399;29106.108
20260716;19:04;29106.619;29126.509;29104.753;29120.465
20260716;19:05;29119.432;29121.943;29098.01;29106.631
20260716;19:06;29106.764;29108.319;29090.889;29106.221
20260716;19:07;29105.11;29121.119;29102.764;29111.689
20260716;19:08;29112.554;29137.532;29110.264;29131.731
20260716;19:09;29132.576;29138.12;29122.731;29128.509
20260716;19:10;29129.199;29138.689;29126.632;29129.143
20260716;19:11;29129.498;29134.608;29111.754;29115.889
20260716;19:12;29116.497;29118.143;29107.697;29111.787
20260716;19:13;29112.454;29119.708;29099.454;29103.965
20260716;19:14;29103.465;29103.465;29089.054;29092.789
20260716;19:15;29093.298;29114.51;29088.232;29107.786
20260716;19:16;29108.289;29108.299;29085.586;29097.465
20260716;19:17;29097.731;29098.964;29082.42;29085.476
20260716;19:18;29085.62;29097.553;29085.019;29095.975
20260716;19:19;29096.098;29106.654;29094.22;29103.554
20260716;19:20;29103.219;29110.098;29091.489;29094.053
20260716;19:21;29094.043;29096.454;29086.987;29091.197
20260716;19:22;29091.176;29092.399;29083.52;29086.443
20260716;19:23;29086.619;29094.443;29084.231;29089.064
20260716;19:24;29089.399;29097.176;29083.219;29083.808
20260716;19:25;29083.465;29091.689;29079.542;29091.299
20260716;19:26;29090.254;29113.098;29085.187;29106.308
20260716;19:27;29106.108;29124.799;29101.631;29120.41
20260716;19:28;29120.042;29147.008;29120.042;29139.631
20260716;19:29;29140.043;29144.576;29127.765;29138.097
20260716;19:30;29138.032;29148.41;29133.586;29133.586
20260716;19:31;29133.797;29136.299;29120.287;29123.132
20260716;19:32;29122.92;29135.109;29122.553;29124.519
20260716;19:33;29124.286;29127.199;29098.187;29099.965
20260716;19:34;29099.732;29101.42;29085.675;29092.41
20260716;19:35;29092.921;29096.165;29085.753;29088.12
20260716;19:36;29088.431;29101.198;29087.019;29092.753
20260716;19:37;29092.998;29095.931;29077.819;29079.453
20260716;19:38;29079.565;29092.789;29076.097;29083.964
20260716;19:39;29083.676;29084.509;29071.497;29074.72
20260716;19:40;29074.686;29075.954;29052.689;29056.564
20260716;19:41;29056.998;29061.976;29043.198;29047.521
20260716;19:42;29047.031;29056.699;29042.021;29047.12
20260716;19:43;29046.998;29047.542;29035.231;29040.776
20260716;19:44;29041.098;29048.486;29037.532;29048.486
20260716;19:45;29048.308;29048.608;29024.265;29031.265
20260716;19:46;29031.031;29044.442;29024.097;29043.665
20260716;19:47;29043.554;29059.431;29043.032;29051.819
20260716;19:48;29051.71;29063.297;29043.242;29063.01
20260716;19:49;29062.997;29072.031;29058.187;29061.465
20260716;19:50;29061.42;29067.72;29055.521;29060.809
20260716;19:51;29060.775;29062.399;29050.132;29050.132
20260716;19:52;29049.642;29050.42;29040.154;29048.298
20260716;19:53;29048.508;29072.786;29046.243;29066.532
20260716;19:54;29066.809;29072.609;29055.242;29055.764
20260716;19:55;29055.732;29057.275;29037.231;29041.743
20260716;19:56;29041.576;29043.51;29029.276;29041.254
20260716;19:57;29041.209;29042.52;29030.665;29033.086
20260716;19:58;29032.431;29049.198;29030.609;29046.776
20260716;19:59;29047.153;29055.254;29041.989;29048.008
20260716;20:00;29048.643;29063.543;29036.731;29061.019
20260716;20:01;29061.243;29064.899;29054.176;29056.464
20260716;20:02;29056.697;29058.642;29041.565;29048.242
20260716;20:03;29047.421;29049.197;29038.943;29044.121
20260716;20:04;29045.086;29055.609;29037.053;29039.087
20260716;20:05;29039.021;29045.032;29034.943;29039.786
20260716;20:06;29039.731;29047.564;29036.121;29043.52
20260716;20:07;29043.809;29053.432;29031.232;29040.798
20260716;20:08;29040.086;29044.475;29028.643;29039.564
20260716;20:09;29039.786;29052.208;29029.576;29040.731
20260716;20:10;29040.197;29067.476;29038.708;29054.754
20260716;20:11;29055.142;29082.41;29054.197;29068.665
20260716;20:12;29069.686;29081.699;29056.231;29056.775
20260716;20:13;29057.098;29066.208;29051.476;29065.208
20260716;20:14;29065.165;29070.108;29037.489;29038.265
20260716;20:15;29037.51;29039.143;29022.689;29033.064
20260716;20:16;29033.297;29074.686;29032.764;29073.998
20260716;20:17;29074.132;29081.508;29070.72;29073.464
20260716;20:18;29073.719;29077.62;29064.731;29065.443
20260716;20:19;29066.275;29080.309;29062.508;29071.987
20260716;20:20;29071.965;29095.509;29068.697;29085.899
20260716;20:21;29086.01;29102.789;29085.02;29099.989
20260716;20:22;29099.287;29108.698;29095.021;29097.631
20260716;20:23;29097.889;29098.743;29078.019;29091.031
20260716;20:24;29091.054;29098.689;29087.686;29094.198
20260716;20:25;29094.699;29103.953;29077.643;29078.176
20260716;20:26;29078.642;29102.999;29071.119;29098.932
20260716;20:27;29098.41;29106.565;29085.664;29086.543
20260716;20:28;29086.987;29099.442;29078.71;29080.609
20260716;20:29;29080.698;29081.976;29067.186;29073.686
20260716;20:30;29074.187;29074.187;29048.131;29054.165
20260716;20:31;29055.254;29059.653;29048.654;29053.109
20260716;20:32;29052.664;29065.075;29051.054;29051.921
20260716;20:33;29051.899;29062.41;29048.553;29054.153
20260716;20:34;29054.965;29059.186;29043.076;29050.043
20260716;20:35;29048.999;29048.999;29036.075;29044.899
20260716;20:36;29044.021;29044.021;29026.22;29031.531
20260716;20:37;29032.587;29046.008;29028.164;29037.564
20260716;20:38;29037.697;29044.219;29035.031;29043.464
20260716;20:39;29043.198;29043.721;29029.653;29030.475
20260716;20:40;29030.143;29034.498;29002.797;29010.076
20260716;20:41;29010.789;29022.087;29008.932;29019.075
20260716;20:42;29019.219;29030.899;29011.597;29030.786
20260716;20:43;29030.531;29048.989;29030.265;29042.531
20260716;20:44;29042.41;29053.665;29036.576;29042.319
20260716;20:45;29042.142;29052.998;29027.489;29039.098
20260716;20:46;29038.91;29046.699;29037.432;29039.931
20260716;20:47;29040.12;29049.464;29034.531;29040.008
20260716;20:48;29040.632;29056.699;29039.399;29055.219
20260716;20:49;29054.931;29057.621;29045.709;29049.242
20260716;20:50;29049.476;29055.799;29042.542;29053.197
20260716;20:51;29053.921;29054.232;29042.754;29043.687
20260716;20:52;29043.609;29043.998;29028.231;29029.819
20260716;20:53;29030.132;29031.808;29018.476;29022.619
20260716;20:54;29022.808;29024.921;29015.153;29017.464
20260716;20:55;29017.043;29017.554;29006.42;29008.586
20260716;20:56;29008.754;29020.754;29007.819;29018.686
20260716;20:57;29018.598;29027.442;29006.72;29008.02
20260716;20:58;29007.753;29021.608;29004.754;29021.231
20260716;20:59;29020.665;29022.021;29011.442;29014.753
20260716;21:00;29015.41;29032.953;29007.297;29032.52
20260716;21:01;29032.653;29033.309;29012.91;29019.899
20260716;21:02;29019.899;29046.798;29017.731;29039.075
20260716;21:03;29039.586;29040.153;29024.143;29037.565
20260716;21:04;29037.265;29045.189;29026.642;29031.72
20260716;21:05;29031.399;29045.098;29021.432;29042.964
20260716;21:06;29042.719;29043.299;29007.198;29010.221
20260716;21:07;29010.554;29013.319;28989.219;28996.71
20260716;21:08;28998.043;29000.098;28988.298;28993.509
20260716;21:09;28993.997;28995.042;28987.009;28989.242
20260716;21:10;28988.621;28999.921;28982.308;28992.543
20260716;21:11;28992.721;29001.042;28988.509;28992.608
20260716;21:12;28993.108;28993.676;28980.697;28987.708
20260716;21:13;28987.989;28992.665;28981.109;28983.153
20260716;21:14;28983.098;28989.021;28981.221;28987.808
20260716;21:15;28987.465;28988.087;28971.654;28978.797
20260716;21:16;28979.043;28990.21;28977.71;28979.265
20260716;21:17;28979.721;28979.808;28955.054;28956.443
20260716;21:18;28956.254;28970.097;28950.108;28969.21
20260716;21:19;28969.02;28973.553;28961.92;28967.119
20260716;21:20;28966.731;28973.921;28962.21;28965.776
20260716;21:21;28965.576;28985.598;28961.62;28984.232
20260716;21:22;28984.532;28985.12;28962.01;28965.021
20260716;21:23;28964.697;28968.109;28953.732;28954.289
20260716;21:24;28954.119;28960.819;28949.721;28953.61
20260716;21:25;28953.265;28962.076;28945.91;28945.91
20260716;21:26;28945.809;28946.499;28925.999;28925.999
20260716;21:27;28926.765;28939.532;28924.221;28935.265
20260716;21:28;28934.809;28949.186;28934.809;28948.531
20260716;21:29;28948.108;28964.287;28947.676;28952.621
20260716;21:30;28952.687;28974.142;28931.975;28954.108
20260716;21:31;28952.664;28957.199;28929.51;28930.243
20260716;21:32;28931.076;28946.519;28923.443;28943.499
20260716;21:33;28944.009;28944.009;28935.553;28942.654
20260716;21:34;28942.71;28958.219;28942.01;28954.164
20260716;21:35;28949.197;28958.654;28936.889;28938.42
20260716;21:36;28938.643;28945.799;28924.643;28926.553
20260716;21:37;28926.664;28941.597;28923.076;28940.976
20260716;21:38;28941.008;28961.708;28939.532;28960.009
20260716;21:39;28960.264;28967.486;28954.319;28956.976
20260716;21:40;28956.953;28956.953;28936.71;28947.964
20260716;21:41;28948.187;28964.976;28947.72;28961.198
20260716;21:42;28961.489;28964.986;28948.753;28960.809
20260716;21:43;28960.931;28964.931;28938.631;28940.775
20260716;21:44;28940.742;28942.998;28923.521;28925.654
20260716;21:45;28926.109;28928.964;28913.964;28925.686
20260716;21:46;28926.053;28927.942;28905.631;28908.465
20260716;21:47;28908.431;28914.043;28899.687;28899.899
20260716;21:48;28899.565;28899.565;28883.72;28889.786
20260716;21:49;28889.776;28899.453;28884.176;28897.998
20260716;21:50;28897.921;28947.019;28897.921;28938.575
20260716;21:51;28938.665;28961.498;28931.954;28958.621
20260716;21:52;28962.064;28972.186;28956.065;28966.143
20260716;21:53;28965.143;28976.609;28956.708;28972.087
20260716;21:54;28972.197;28980.01;28958.698;28978.399
20260716;21:55;28979.61;29014.699;28979.61;29005.487
20260716;21:56;29005.808;29007.709;28990.275;29007.119
20260716;21:57;29007.264;29009.475;28996.575;29004.565
20260716;21:58;29004.264;29008.299;28998.265;29004.676
20260716;21:59;29005.219;29037.921;29005.219;29019.431
20260716;22:00;29020.499;29029.764;29007.431;29025.319
20260716;22:01;29018.889;29034.564;29002.675;29005.531
20260716;22:02;29004.453;29029.164;29002.109;29011.486
20260716;22:03;29012.932;29027.698;29009.798;29010.221
20260716;22:04;29009.676;29010.053;28995.899;29004.186
20260716;22:05;29003.009;29003.009;28984.276;28992.764
20260716;22:06;28993.087;28997.199;28989.119;28993.699
20260716;22:07;28995.008;29006.189;28991.454;28994.108
20260716;22:08;28994.153;28999.075;28992.619;28995.553
20260716;22:09;28996.154;28998.889;28980.432;28986.11
20260716;22:10;28986.575;28989.586;28981.41;28986.532
20260716;22:11;28986.542;28988.809;28981.197;28985.054
20260716;22:12;28985.775;28988.92;28982.209;28984.653
20260716;22:13;28984.654;28989.253;28976.298;28976.499
20260716;22:14;28975.975;28978.097;28970.665;28972.021
