configuration,idea_id,kind,description,final_balance,cagr_percent,closed_trade_drawdown,daily_equity_drawdown,closed_dd_improvement_pp,daily_dd_improvement_pp,cagr_change_pp,cagr_retention,trades,weeks,days_in_position
leverage_override,1,single,1m <= -0.200%,72184.09835000001,26.874839731003462,0.7147680446274229,0.7147680446274229,25.470832157260194,25.859029996600036,-353.4994500223027,0.07065367048975178,433,433,771
leverage_override,2,single,1m <= -0.240%,183092.08578000005,41.923259748258054,0.893746082142286,0.893746082142286,7.573028405773885,7.961226245113728,-338.45103000504815,0.11021580815950419,433,433,928
leverage_override,3,single,1m <= -0.280%,148791.22299999985,38.42178979903403,0.9539634366132134,0.9540165211839595,1.5512929586811497,1.9341823409463776,-341.9524999542722,0.10101048055575126,433,433,1057
leverage_override,4,single,1m <= -0.320%,92615.05538999992,30.74046440814817,0.9676768976003767,0.9679358281280276,0.17994685996481907,0.542251646539571,-349.633825345158,0.08081635703634193,433,433,1144
leverage_override,5,single,1m <= -0.360%,476067.0871999985,59.23138146854426,0.9678357289891912,0.9678357289891912,0.16406372108336287,0.5522615604232062,-321.1429082847619,0.15571867779749018,433,433,1201
leverage_override,6,single,1m <= -0.400%,5193632.23074,112.32605685938681,0.9678357289891912,0.9678357289891912,0.16406372108336287,0.5522615604232062,-268.04823289391936,0.295304019975263,433,433,1238
leverage_override,7,single,1m <= -0.440%,9987105.80193999,129.72032924779552,0.9843880629939068,0.9843880629939068,-1.4911696793881934,-1.1029718400483501,-250.65396050551067,0.3410333788120284,433,433,1267
leverage_override,8,single,1m <= -0.480%,44768276.14282999,175.20622925310641,0.9843880629939068,0.9843880629939068,-1.4911696793881934,-1.1029718400483501,-205.16806050019977,0.46061533067005495,433,433,1293
leverage_override,9,single,1m <= -0.520%,62115150.46773995,186.2764237240222,0.9793112660303133,0.9793112660303133,-0.9834899830288402,-0.5952921436889969,-194.09786602928398,0.48971875529450953,433,433,1310
leverage_override,10,single,1m <= -0.560%,52744129.643049926,180.69377444177675,0.9870670055724358,0.9870670055724358,-1.75906393724109,-1.3708660979012466,-199.68051531152943,0.4750420291523033,433,433,1325
leverage_override,11,single,1m <= -0.600%,226061188.5004996,234.4613380889499,0.9881072231047126,0.9881072231047126,-1.8630856904687687,-1.4748878511289254,-145.91295166435629,0.6163963874661746,433,433,1330
leverage_override,12,single,1m <= -0.640%,474673427.9777802,265.7145553452263,0.9881072231047126,0.9881072231047126,-1.8630856904687687,-1.4748878511289254,-114.65973440807988,0.6985607663376957,433,433,1334
leverage_override,13,single,1m <= -0.680%,202246470.42688012,230.0077203044453,0.9881072231047126,0.9881072231047126,-1.8630856904687687,-1.4748878511289254,-150.3665694488609,0.6046878732356439,433,433,1337
leverage_override,14,single,1m <= -0.720%,697577245.5654798,283.06858690648124,0.9881072231047126,0.9881072231047126,-1.8630856904687687,-1.4748878511289254,-97.30570284682494,0.7441843324638658,433,433,1343
leverage_override,15,single,1m <= -0.760%,475577940.12392956,265.7984057150385,0.9881072231047126,0.9881072231047126,-1.8630856904687687,-1.4748878511289254,-114.5758840382677,0.698781208076454,433,433,1344
leverage_override,16,single,1m <= -0.800%,620881296.2244078,277.7331762580624,0.9881072231047126,0.9881072231047126,-1.8630856904687687,-1.4748878511289254,-102.64111349524381,0.7301575940849938,433,433,1345
leverage_override,17,single,1m <= -0.840%,620881296.2244078,277.7331762580624,0.9881072231047126,0.9881072231047126,-1.8630856904687687,-1.4748878511289254,-102.64111349524381,0.7301575940849938,433,433,1345
leverage_override,18,single,1m <= -0.880%,620881296.2244078,277.7331762580624,0.9881072231047126,0.9881072231047126,-1.8630856904687687,-1.4748878511289254,-102.64111349524381,0.7301575940849938,433,433,1345
leverage_override,19,single,1m <= -0.920%,1876937686.37381,331.5597924336841,0.9777522145082858,0.9808129516252747,-0.8275848308260891,-0.7454607031851412,-48.81449731962209,0.8716672008739575,433,433,1346
leverage_override,20,single,1m <= -0.960%,1876937686.37381,331.5597924336841,0.9777522145082858,0.9808129516252747,-0.8275848308260891,-0.7454607031851412,-48.81449731962209,0.8716672008739575,433,433,1346
leverage_override,21,single,3m <= -0.300%,369393.56743999966,54.440313543794105,0.6924040187354898,0.6991715610145244,27.7072347464535,27.418678357889892,-325.9339762095121,0.14312301070375094,433,433,720
leverage_override,22,single,3m <= -0.350%,233371.98741999993,46.13141104845842,0.8248433688908113,0.8372283266241982,14.463299730921353,13.613001796922507,-334.2428787048478,0.12127899358912295,433,433,862
leverage_override,23,single,3m <= -0.400%,570482.0605199995,62.73864853926882,0.8944453650247306,0.9019089117055118,7.503100117529426,7.144943288791151,-317.6356412140374,0.16493924597258747,433,433,992
leverage_override,24,single,3m <= -0.450%,124326.09999999996,35.45957667468218,0.9279978623486536,0.9279978623486536,4.147850385137131,4.536048224476974,-344.914713078624,0.09322285346278184,433,433,1071
leverage_override,25,single,3m <= -0.500%,211267.48436999993,44.39075921964262,0.9783891794370981,0.9783891794370981,-0.8912813237073269,-0.5030834843674836,-335.98353053366355,0.11670283827130505,433,433,1153
leverage_override,26,single,3m <= -0.550%,299535.8496,50.59042726873977,0.9863301848204065,0.9863301848204065,-1.68538186203816,-1.2971840226983167,-329.78386248456644,0.13300170025043087,433,433,1222
leverage_override,27,single,3m <= -0.600%,96273.22448000008,31.351791157702145,0.9919691581709289,0.9919691581709289,-2.2492791970904036,-1.8610813577505603,-349.022498595604,0.08242352861975903,433,433,1245
leverage_override,28,single,3m <= -0.650%,3373451.962319999,101.57494814832009,0.985144642779944,0.985144642779944,-1.5668276579919094,-1.178629818652066,-278.7993416049861,0.2670394684514484,433,433,1274
leverage_override,29,single,3m <= -0.700%,128312820.70010048,212.41173625920706,0.9799996452796141,0.9799996452796141,-1.0523279079589276,-0.6641300686190843,-167.96255349409913,0.5584282165783808,433,433,1299
leverage_override,30,single,3m <= -0.750%,358253509.83880025,253.52986074029153,0.9847647594164408,0.9847647594164408,-1.5288393216415952,-1.1406414823017519,-126.84442901301466,0.6665273326036828,433,433,1317
leverage_override,31,single,3m <= -0.800%,510431876.2253799,268.9272292622428,0.9739132254170461,0.9739132254170461,-0.4436859217021194,-0.05548808236227609,-111.44706049106338,0.7070068522156349,433,433,1323
leverage_override,32,single,3m <= -0.850%,591111160.9776704,275.50470994823013,0.9833911878588082,0.9833911878588082,-1.3914821658783327,-1.0032843265384894,-104.86957980507606,0.724298979636374,433,433,1330
leverage_override,33,single,3m <= -0.900%,795164366.4346598,289.15651561538726,0.9833911878588082,0.9833911878588082,-1.3914821658783327,-1.0032843265384894,-91.21777413791892,0.7601894328949553,433,433,1331
leverage_override,34,single,3m <= -0.950%,3065933851.239199,357.83029285975306,0.9833911878588082,0.9833911878588082,-1.3914821658783327,-1.0032843265384894,-22.54399689355313,0.9407320696985746,433,433,1337
leverage_override,35,single,3m <= -1.000%,5204291005.012806,387.95236202694554,0.9833911878588082,0.9833911878588082,-1.3914821658783327,-1.0032843265384894,7.57807227363935,1.0199226721620804,433,433,1340
leverage_override,36,single,3m <= -1.050%,1584622381.9671302,322.8506844320737,0.9833911878588082,0.9833911878588082,-1.3914821658783327,-1.0032843265384894,-57.52360532123248,0.8487710477000437,433,433,1341
leverage_override,37,single,3m <= -1.100%,1187144271.3197188,308.39780339500686,0.9833911878588082,0.9833911878588082,-1.3914821658783327,-1.0032843265384894,-71.97648635829933,0.8107745757343903,433,433,1346
leverage_override,38,single,3m <= -1.150%,988358858.6856107,299.4837572736662,0.9833911878588082,0.9833911878588082,-1.3914821658783327,-1.0032843265384894,-80.89053247964,0.7873396424030078,433,433,1346
leverage_override,39,single,3m <= -1.200%,981648495.1612904,299.1561618711179,0.9833911878588082,0.9833911878588082,-1.3914821658783327,-1.0032843265384894,-81.2181278821883,0.7864783975413723,433,433,1346
leverage_override,40,single,3m <= -1.250%,2801033675.174843,352.87528232156734,0.9694763662000249,0.9733583445934233,0.0,0.0,-27.499007431738846,0.9277053992014721,433,433,1346
leverage_override,41,single,5m <= -0.400%,518888.07228000043,60.891508301001515,0.6632552873651067,0.6790450062746272,30.62210788349181,29.431333831879613,-319.48278145230466,0.16008313374832203,433,433,825
leverage_override,42,single,5m <= -0.460%,178679.7609500003,41.50695917019198,0.9069657544063093,0.9120255461847262,6.251061179371553,6.13327984086971,-338.8673305831142,0.10912135832606233,433,433,936
leverage_override,43,single,5m <= -0.520%,53899.38815000003,22.48954183184708,0.9321570565874798,0.9421512896982126,3.7319309612545037,3.1207054895210695,-357.8847479214591,0.05912476851795844,433,433,1042
leverage_override,44,single,5m <= -0.580%,350030.9953600001,53.44221566349325,0.9187514393471057,0.9187514393471057,5.072492685291918,5.460690524631762,-326.93207408981294,0.14049902189276117,433,433,1150
leverage_override,45,single,5m <= -0.640%,428760.74009999994,57.23712360376882,0.9778114916103089,0.9778114916103089,-0.8335125410284028,-0.44531470168855947,-323.1371661495374,0.15047579488321955,433,433,1215
leverage_override,46,single,5m <= -0.700%,1102808.8828699994,76.18242540926559,0.9848820388440995,0.9848820388440995,-1.5405672644074664,-1.152369425067623,-304.1918643440406,0.20028279371530108,433,433,1245
leverage_override,47,single,5m <= -0.760%,3277572.8037099987,100.87625664891124,0.9909869429642877,0.9909869429642877,-2.1510576764262823,-1.762859837086439,-279.49803310439495,0.2652026158611695,433,433,1278
leverage_override,48,single,5m <= -0.820%,25082857.767710038,156.66154754884806,0.9906631497618388,0.9906631497618388,-2.1186783561813916,-1.7304805168415482,-223.71274220445812,0.4118615578630505,433,433,1293
leverage_override,49,single,5m <= -0.880%,43433462.63144997,174.20489171126553,0.9932681553098873,0.9932681553098873,-2.379178910986246,-1.9909810716464027,-206.16939804204065,0.45798282482301067,433,433,1316
leverage_override,50,single,5m <= -0.940%,132920156.07860012,213.74174329138137,0.9833911878588082,0.9833911878588082,-1.3914821658783327,-1.0032843265384894,-166.63254646192482,0.5619247910525308,433,433,1323
leverage_override,51,single,5m <= -1.000%,520706992.61907005,269.81373769438574,0.9833911878588082,0.9833911878588082,-1.3914821658783327,-1.0032843265384894,-110.56055205892045,0.7093374735431643,433,433,1331
leverage_override,52,single,5m <= -1.060%,352480644.94010997,252.83893391703782,0.9833911878588082,0.9833911878588082,-1.3914821658783327,-1.0032843265384894,-127.53535583626837,0.6647108932652044,433,433,1334
leverage_override,53,single,5m <= -1.120%,294315222.28792983,245.25877032876576,0.9833911878588082,0.9833911878588082,-1.3914821658783327,-1.0032843265384894,-135.11551942454042,0.6447827230589893,433,433,1334
leverage_override,54,single,5m <= -1.180%,264097592.1595899,240.78389062371573,0.9833911878588082,0.9833911878588082,-1.3914821658783327,-1.0032843265384894,-139.59039912959045,0.633018311463368,433,433,1341
leverage_override,55,single,5m <= -1.240%,245599426.05600968,237.816833918125,0.9848903248906189,0.9848903248906189,-1.5413958690594032,-1.1531980297195599,-142.55745583518117,0.6252179506463552,433,433,1341
leverage_override,56,single,5m <= -1.300%,745253246.8935597,286.13045175373037,0.9848903248906189,0.9848903248906189,-1.5413958690594032,-1.1531980297195599,-94.24383799957582,0.7522339428863655,433,433,1346
leverage_override,57,single,5m <= -1.360%,745253246.8935597,286.13045175373037,0.9848903248906189,0.9848903248906189,-1.5413958690594032,-1.1531980297195599,-94.24383799957582,0.7522339428863655,433,433,1346
leverage_override,58,single,5m <= -1.420%,1232872527.0419202,310.260864050599,0.9848903248906189,0.9848903248906189,-1.5413958690594032,-1.1531980297195599,-70.11342570270716,0.8156725425680594,433,433,1348
leverage_override,59,single,5m <= -1.480%,724993991.8738505,284.8510378413974,0.9848903248906189,0.9848903248906189,-1.5413958690594032,-1.1531980297195599,-95.5232519119088,0.748870377191211,433,433,1349
leverage_override,60,single,5m <= -1.540%,2098173083.454361,337.38953333373513,0.9694763662000249,0.9733583445934233,0.0,0.0,-42.984756419571056,0.8869935282759278,433,433,1349
leverage_override,61,single,15m <= -0.600%,737672.7971000005,67.85429427840475,0.7972034263197366,0.8068003596830775,17.227293988028826,16.65579849103458,-312.5199954749014,0.17838822472047736,433,433,856
leverage_override,62,single,15m <= -0.680%,972763.1021299997,73.54031913997241,0.8127199836103773,0.8127199836103773,15.675638258964753,16.063836098304595,-306.8339706133338,0.193336724171519,433,433,964
leverage_override,63,single,15m <= -0.760%,844823.8389500008,70.61830300972825,0.8586583023087974,0.8586583023087974,11.08180638912275,11.470004228462594,-309.7559867435779,0.1856547745525286,433,433,1062
leverage_override,64,single,15m <= -0.840%,1147226.294269998,77.02218085589737,0.939596886869984,0.939596886869984,2.987947933004087,3.3761457723439303,-303.3521088974088,0.20249050193652818,433,433,1127
leverage_override,65,single,15m <= -0.920%,5091959.951040002,111.82115061546689,0.9632794343903036,0.9632794343903036,0.6196931809721251,1.0078910203119684,-268.5531391378393,0.2939766267798728,433,433,1189
leverage_override,66,single,15m <= -1.000%,6804897.35011,119.34861577804558,0.9732890918562042,0.9732890918562042,-0.38127256561792944,0.006925273721913872,-261.0256739752606,0.31376625338018976,433,433,1230
leverage_override,67,single,15m <= -1.080%,18228530.71185001,146.98309268961944,0.9831055110182839,0.9831055110182839,-1.3629144818259054,-0.974716642486062,-233.39119706368675,0.3864170020138483,433,433,1261
leverage_override,68,single,15m <= -1.160%,23073578.187690046,154.09378757662532,0.9920418204250218,0.9920418204250218,-2.2565454224996895,-1.8683475831598462,-226.28050217668087,0.40511094395092706,433,433,1287
leverage_override,69,single,15m <= -1.240%,172791059.07356006,223.81135157955282,0.9920418204250218,0.9920418204250218,-2.2565454224996895,-1.8683475831598462,-156.56293817375337,0.5883976851450893,433,433,1308
leverage_override,70,single,15m <= -1.320%,36166579.762379974,168.22519903801617,0.9919557730188592,0.9919557730188592,-2.2479406818834313,-1.859742842543588,-212.14909071529001,0.44226227578924837,433,433,1319
leverage_override,71,single,15m <= -1.400%,32607281.279529992,164.89967996835037,0.9776833765833557,0.9776833765833557,-0.8207010383330826,-0.4325031989932393,-215.47460978495582,0.43351952119397175,433,433,1334
leverage_override,72,single,15m <= -1.480%,140576465.95743003,215.86477029022154,0.9779421561900372,0.9779421561900372,-0.8465789990012351,-0.4583811596613918,-164.50951946308464,0.5675062066634993,433,433,1337
leverage_override,73,single,15m <= -1.560%,275087174.9481803,242.46109601361573,0.9779421561900372,0.9779421561900372,-0.8465789990012351,-0.4583811596613918,-137.91319373969046,0.6374276667617709,433,433,1337
leverage_override,74,single,15m <= -1.640%,445469287.5608197,262.9287234736331,0.9777413789089912,0.9777413789089912,-0.8265012708966291,-0.43830343155678575,-117.44556627967307,0.691236843699812,433,433,1342
leverage_override,75,single,15m <= -1.720%,450512530.73532975,263.42106671006763,0.9777413789089912,0.9777413789089912,-0.8265012708966291,-0.43830343155678575,-116.95322304323855,0.6925312088808915,433,433,1342
leverage_override,76,single,15m <= -1.800%,1311661246.419331,313.33280305004985,0.9694763662000249,0.9733583445934233,0.0,0.0,-67.04148670325634,0.8237486378305525,433,433,1344
leverage_override,77,single,15m <= -1.880%,1101827282.8247502,304.74633198114134,0.9694763662000249,0.9733583445934233,0.0,0.0,-75.62795777216485,0.8011748958605647,433,433,1347
leverage_override,78,single,15m <= -1.960%,1248949263.8738472,310.90143793280396,0.9694763662000249,0.9733583445934233,0.0,0.0,-69.47285182050223,0.8173566045550575,433,433,1348
leverage_override,79,single,15m <= -2.040%,1447544809.8556392,318.26853159786054,0.9694763662000249,0.9733583445934233,0.0,0.0,-62.10575815544564,0.8367246161781211,433,433,1349
leverage_override,80,single,15m <= -2.120%,1509181610.8590074,320.374126571597,0.9694763662000249,0.9733583445934233,0.0,0.0,-60.00016318170918,0.8422602031787622,433,433,1349
leverage_override,81,single,30m <= -0.800%,1101460.264759999,76.15646617183964,0.7453387409188892,0.7453387409188892,22.41376252811357,22.80196036745341,-304.2178235814665,0.20021454715362422,433,433,934
leverage_override,82,single,30m <= -0.900%,7285503.819690001,121.15867316018254,0.8207054909880496,0.8207054909880496,14.877087521197529,15.265285360537373,-259.2156165931236,0.31852487516640693,433,433,1032
leverage_override,83,single,30m <= -1.000%,9936893.980530001,129.58093818634708,0.8493694015656733,0.8493694015656733,12.010696463435156,12.398894302774998,-250.7933515669591,0.34066692118015524,433,433,1114
leverage_override,84,single,30m <= -1.100%,16299071.66882001,143.6778476170295,0.8843311397121713,0.8843311397121713,8.514522648785361,8.902720488125205,-236.6964421362767,0.3777275475432699,433,433,1161
leverage_override,85,single,30m <= -1.200%,77794166.26566,194.14183795029453,0.9539057842551116,0.955629119821316,1.557058194491323,1.7729224772107255,-186.23245180301166,0.5103968464225231,433,433,1209
leverage_override,86,single,30m <= -1.300%,167128603.29781994,222.51468979031694,0.9704553175896945,0.9704553175896945,-0.09789513896696356,0.29030270037287975,-157.85959996298925,0.5849887749632869,433,433,1247
leverage_override,87,single,30m <= -1.400%,91958701.77198005,200.12693729351244,0.967369345865808,0.967369345865808,0.2107020334216836,0.5988998727615269,-180.24735245979375,0.5261316095346661,433,433,1288
leverage_override,88,single,30m <= -1.500%,498711401.35176975,267.89664800166224,0.985866803603516,0.985866803603516,-1.639043740349111,-1.2508459010092676,-112.47764175164394,0.7042974649401463,433,433,1309
leverage_override,89,single,30m <= -1.600%,63844105.98221007,187.22445273360063,0.9857520737286325,0.9857520737286325,-1.627570752860763,-1.2393729135209197,-193.14983701970556,0.49221111357191377,433,433,1317
leverage_override,90,single,30m <= -1.700%,52887192.61051006,180.78534910201628,0.985813262995237,0.985813262995237,-1.6336896795212108,-1.2454918401813675,-199.5889406512899,0.47528277796920926,433,433,1318
leverage_override,91,single,30m <= -1.800%,265314152.51324987,240.97254940216146,0.9737615270269224,0.9737615270269224,-0.42851608268975605,-0.04031824334991274,-139.40174035114472,0.6335142934041245,433,433,1327
leverage_override,92,single,30m <= -1.900%,508665661.0011698,268.7732666383611,0.9769114994806675,0.9769114994806675,-0.7435133280642603,-0.355315488724417,-111.60102311494506,0.7066020860996559,433,433,1335
leverage_override,93,single,30m <= -2.000%,1134803279.7000892,306.1862121514591,0.9694763662000249,0.9733583445934233,0.0,0.0,-74.18807760184711,0.8049603256572304,433,433,1344
leverage_override,94,single,30m <= -2.100%,1742347865.3753264,327.7101241787436,0.9694763662000249,0.9733583445934233,0.0,0.0,-52.66416557456256,0.8615464635932197,433,433,1346
leverage_override,95,single,30m <= -2.200%,1714807376.1411297,326.8902790047698,0.9694763662000249,0.9733583445934233,0.0,0.0,-53.48401074853638,0.8593910992690286,433,433,1346
leverage_override,96,single,30m <= -2.300%,1608389112.734029,323.6094197328569,0.9694763662000249,0.9733583445934233,0.0,0.0,-56.76487002044928,0.8507657548114925,433,433,1346
leverage_override,97,single,30m <= -2.400%,1140170785.1557488,306.41709004407545,0.9694763662000249,0.9733583445934233,0.0,0.0,-73.95719970923074,0.8055673012043056,433,433,1350
leverage_override,98,single,30m <= -2.500%,2586911283.8098984,348.5590439027357,0.9694763662000249,0.9733583445934233,0.0,0.0,-31.815245850570477,0.9163580538758168,433,433,1352
leverage_override,99,single,30m <= -2.600%,2586911283.8098984,348.5590439027357,0.9694763662000249,0.9733583445934233,0.0,0.0,-31.815245850570477,0.9163580538758168,433,433,1352
leverage_override,100,single,30m <= -2.700%,2586911283.8098984,348.5590439027357,0.9694763662000249,0.9733583445934233,0.0,0.0,-31.815245850570477,0.9163580538758168,433,433,1352
leverage_override,101,single,60m <= -1.000%,5943159.281460003,115.80105319425743,0.9190763709409784,0.9207722549711104,5.039999525904648,5.258608962231293,-264.5732365590487,0.3044397487258165,433,433,982
leverage_override,102,single,60m <= -1.120%,49245010.01022001,178.38303337431114,0.8228289279581197,0.8228289279581197,14.664743824190518,15.052941663530362,-201.99125637899505,0.468967115232742,433,433,1056
leverage_override,103,single,60m <= -1.240%,70160207.31947002,190.5060082149534,0.843076644534878,0.843076644534878,12.63997216651469,13.028170005854534,-189.8682815383528,0.5008382883567317,433,433,1116
leverage_override,104,single,60m <= -1.360%,286481193.47312015,244.13890979095112,0.9238953850927542,0.9239831410092896,4.558098110727071,4.937520358413372,-136.23537996235507,0.6418386215043312,433,433,1158
leverage_override,105,single,60m <= -1.480%,4556728460.076052,380.20651004274646,0.9229636259333773,0.9229636259333773,4.651274026664753,5.039471866004597,-0.16777971055972785,0.9995589089087263,433,433,1211
leverage_override,106,single,60m <= -1.600%,1381273064.597841,315.91472845698877,0.9028327340617773,0.899898614810435,6.664363213824753,7.345972978298832,-64.45956129631742,0.8305364925212926,433,433,1259
leverage_override,107,single,60m <= -1.720%,644346632.2113004,279.42439695641076,0.9749069136111758,0.9749069136111758,-0.5430547411150899,-0.15485690177524658,-100.94989279689543,0.7346037954816372,433,433,1283
leverage_override,108,single,60m <= -1.840%,294882550.08109987,245.33884683190718,0.9831986966242815,0.9831986966242815,-1.3722330424256635,-0.9840352030858202,-135.035442921399,0.644993243342033,433,433,1306
leverage_override,109,single,60m <= -1.960%,1560401085.4817605,322.06706838529897,0.9840139161241479,0.986009528320643,-1.4537549924123039,-1.265118372721974,-58.30722136800722,0.8467109293695357,433,433,1318
leverage_override,110,single,60m <= -2.080%,606108791.6726102,276.63940481051606,0.9878490808862248,0.9894988015636372,-1.8372714686199942,-1.6140456970213934,-103.73488494279013,0.7272820804737672,433,433,1327
leverage_override,111,single,60m <= -2.200%,317377218.0758501,248.4096042484587,0.9878490808862248,0.9894988015636372,-1.8372714686199942,-1.6140456970213934,-131.9646855048475,0.6530662322355333,433,433,1329
leverage_override,112,single,60m <= -2.320%,170888578.81617007,223.3799216113588,0.9878490808862248,0.9894988015636372,-1.8372714686199942,-1.6140456970213934,-156.99436814194738,0.5872634603044098,433,433,1334
leverage_override,113,single,60m <= -2.440%,629551284.4344003,278.36449679075355,0.9901997685449483,0.991346918714314,-2.0723402344923425,-1.7988574120890721,-102.00979296255264,0.7318173291136169,433,433,1338
leverage_override,114,single,60m <= -2.560%,327340453.4508706,249.70887886755588,0.9901997685449483,0.991346918714314,-2.0723402344923425,-1.7988574120890721,-130.6654108857503,0.6564820115195114,433,433,1338
leverage_override,115,single,60m <= -2.680%,183230887.38251013,226.1069981821293,0.9895145762366164,0.9908082186229427,-2.0038210036591564,-1.7449874029519363,-154.26729157117688,0.5944329158754978,433,433,1344
leverage_override,116,single,60m <= -2.800%,406614196.12769985,258.96191669396575,0.9897083422475308,0.9909605579976188,-2.023197604750593,-1.7602213404195544,-121.41237305934044,0.6808081504717811,433,433,1346
leverage_override,117,single,60m <= -2.920%,1371241321.680651,315.54980704253524,0.9694763662000249,0.9733583445934233,0.0,0.0,-64.82448271077095,0.8295771179676386,433,433,1348
leverage_override,118,single,60m <= -3.040%,1828481117.842,330.20262249506055,0.9694763662000249,0.9733583445934233,0.0,0.0,-50.171667258245634,0.8680992154049509,433,433,1351
leverage_override,119,single,60m <= -3.160%,1667808263.1450925,325.4640421697584,0.9694763662000249,0.9733583445934233,0.0,0.0,-54.9102475835478,0.855641537657132,433,433,1351
leverage_override,120,single,60m <= -3.280%,1671706052.0310903,325.5836600300107,0.9694763662000249,0.9733583445934233,0.0,0.0,-54.79062972329547,0.8559560117513982,433,433,1351
leverage_override,121,confirmation,1m <= -0.200% AND 5m <= -0.400%,7596927.437360002,122.27624889280139,0.842001618733489,0.842001618733489,12.747474746653587,13.13567258599343,-258.0980408605048,0.3214629699922787,433,433,1048
leverage_override,122,confirmation,1m <= -0.235% AND 5m <= -0.455%,483691.47817999957,59.536334830096436,0.9713717348338167,0.9713717348338167,-0.18953686337918052,0.1986609759606628,-320.83795492320974,0.15652039697191167,433,433,1181
leverage_override,123,confirmation,1m <= -0.270% AND 5m <= -0.510%,291508.49701000005,50.098610747499265,0.9829150588780419,0.9829150588780419,-1.3438692678017006,-0.9556714284618573,-330.2756790058069,0.1317087197980468,433,433,1231
leverage_override,124,confirmation,1m <= -0.305% AND 5m <= -0.565%,2287506.39468,92.3622479000776,0.979902762274157,0.979902762274157,-1.0426396074132094,-0.6544417680733661,-288.0120418532286,0.24281937656716926,433,433,1274
leverage_override,125,confirmation,1m <= -0.340% AND 5m <= -0.620%,20426417.38299995,150.3922991092769,0.9717193352539967,0.9717193352539967,-0.22429690539718106,0.16390093394266225,-229.98199064402928,0.3953797697704928,433,433,1299
leverage_override,126,confirmation,1m <= -0.375% AND 5m <= -0.675%,10540861.194139998,131.2180321013702,0.9756029415188021,0.9756029415188021,-0.612657531877725,-0.22445969253788167,-249.156257651936,0.3449708238337359,433,433,1308
leverage_override,127,confirmation,1m <= -0.410% AND 5m <= -0.730%,66078105.62794998,188.41651930004,0.9833911878588082,0.9833911878588082,-1.3914821658783327,-1.0032843265384894,-191.9577704532662,0.49534504401503726,433,433,1331
leverage_override,128,confirmation,1m <= -0.445% AND 5m <= -0.785%,89356027.98381996,199.09106115820853,0.9833911878588082,0.9833911878588082,-1.3914821658783327,-1.0032843265384894,-181.28322859509765,0.5234083020893188,433,433,1334
leverage_override,129,confirmation,1m <= -0.480% AND 5m <= -0.840%,382108082.4637597,256.2849006027501,0.9833911878588082,0.9833911878588082,-1.3914821658783327,-1.0032843265384894,-124.08938915055609,0.6737703033739874,433,433,1339
leverage_override,130,confirmation,1m <= -0.515% AND 5m <= -0.895%,272790419.58647025,242.11550480625533,0.9833911878588082,0.9833911878588082,-1.3914821658783327,-1.0032843265384894,-138.25878494705086,0.6365191111188947,433,433,1342
leverage_override,131,confirmation,1m <= -0.550% AND 5m <= -0.950%,380965963.86456025,256.1564899919446,0.9833911878588082,0.9833911878588082,-1.3914821658783327,-1.0032843265384894,-124.21779976136156,0.6734327132311606,433,433,1342
leverage_override,132,confirmation,1m <= -0.585% AND 5m <= -1.005%,796901651.4957286,289.2588045099745,0.9833911878588082,0.9833911878588082,-1.3914821658783327,-1.0032843265384894,-91.1154852433317,0.7604583493210723,433,433,1345
leverage_override,133,confirmation,1m <= -0.620% AND 5m <= -1.060%,800438765.1841406,289.46646000643324,0.9833911878588082,0.9833911878588082,-1.3914821658783327,-1.0032843265384894,-90.90782974687295,0.7610042734333288,433,433,1346
leverage_override,134,confirmation,1m <= -0.655% AND 5m <= -1.115%,1003264075.5930701,300.20447766111846,0.9833911878588082,0.9833911878588082,-1.3914821658783327,-1.0032843265384894,-80.16981209218773,0.7892344087078486,433,433,1348
leverage_override,135,confirmation,1m <= -0.690% AND 5m <= -1.170%,1215842715.469389,309.57425123904824,0.9833911878588082,0.9833911878588082,-1.3914821658783327,-1.0032843265384894,-70.80003851425795,0.813867444720894,433,433,1349
leverage_override,136,confirmation,1m <= -0.725% AND 5m <= -1.225%,1519528400.2712967,320.7201465589907,0.9848903248906189,0.9848903248906189,-1.5413958690594032,-1.1531980297195599,-59.65414319431551,0.843169886079828,433,433,1350
leverage_override,137,confirmation,1m <= -0.760% AND 5m <= -1.280%,1519528400.2712967,320.7201465589907,0.9848903248906189,0.9848903248906189,-1.5413958690594032,-1.1531980297195599,-59.65414319431551,0.843169886079828,433,433,1350
leverage_override,138,confirmation,1m <= -0.795% AND 5m <= -1.335%,1519528400.2712967,320.7201465589907,0.9848903248906189,0.9848903248906189,-1.5413958690594032,-1.1531980297195599,-59.65414319431551,0.843169886079828,433,433,1350
leverage_override,139,confirmation,1m <= -0.830% AND 5m <= -1.390%,4399890691.345439,378.18535167578113,0.9694763662000249,0.9733583445934233,0.0,0.0,-2.1889380775250515,0.994245304857632,433,433,1350
leverage_override,140,confirmation,1m <= -0.865% AND 5m <= -1.445%,4399890691.345439,378.18535167578113,0.9694763662000249,0.9733583445934233,0.0,0.0,-2.1889380775250515,0.994245304857632,433,433,1350
leverage_override,141,confirmation,3m <= -0.300% AND 15m <= -0.600%,2203830.635180002,91.50094295583571,0.8696987850142698,0.8793918817284493,9.977758118575508,9.3966462864974,-288.8733467974705,0.2405550149437785,433,433,1052
leverage_override,142,confirmation,3m <= -0.345% AND 15m <= -0.675%,11874891.940310022,134.56001724440668,0.8813796976548531,0.885032252631787,8.809666854517173,8.832609196163633,-245.8142725088995,0.35375686756241154,433,433,1128
leverage_override,143,confirmation,3m <= -0.390% AND 15m <= -0.750%,24432900.482740022,155.85137464738662,0.9636154797708545,0.9636154797708545,0.5860886429170376,0.9742864822568809,-224.52291510591957,0.40973162184138384,433,433,1207
leverage_override,144,confirmation,3m <= -0.435% AND 15m <= -0.825%,19726389.04743002,149.3430223401154,0.9755296418765154,0.9755296418765154,-0.6053275676490499,-0.21712972830920663,-231.0312674131908,0.39262123219992767,433,433,1253
leverage_override,145,confirmation,3m <= -0.480% AND 15m <= -0.900%,28409058.39091,160.53929009463448,0.9771964120032945,0.9771964120032945,-0.7720045803269682,-0.38380674098712486,-219.8349996586717,0.4220561021586215,433,433,1282
leverage_override,146,confirmation,3m <= -0.525% AND 15m <= -0.975%,107074237.59760998,205.67783336824283,0.9926887694417258,0.9926887694417258,-2.321240324170093,-1.9330424848302497,-174.69645638506336,0.5407248568288785,433,433,1314
leverage_override,147,confirmation,3m <= -0.570% AND 15m <= -1.050%,210408796.0434599,231.58380376532034,0.992640965327191,0.992640965327191,-2.3164599127166174,-1.9282620733767741,-148.79048598798585,0.6088313800480976,433,433,1328
leverage_override,148,confirmation,3m <= -0.615% AND 15m <= -1.125%,2214836384.8912973,340.24897251214804,0.9694763662000249,0.9733583445934233,0.0,0.0,-40.12531724115814,0.8945109637478873,433,433,1334
leverage_override,149,confirmation,3m <= -0.660% AND 15m <= -1.200%,5043603071.413784,386.11295125853707,0.9694763662000249,0.9733583445934233,0.0,0.0,5.73866150523088,1.0150868806326334,433,433,1340
leverage_override,150,confirmation,3m <= -0.705% AND 15m <= -1.275%,3095362201.112448,358.35726591071966,0.9694763662000249,0.9733583445934233,0.0,0.0,-22.017023842586525,0.9421174762971867,433,433,1340
leverage_override,151,confirmation,3m <= -0.750% AND 15m <= -1.350%,2256458882.65447,341.237137707153,0.9694763662000249,0.9733583445934233,0.0,0.0,-39.137152046153176,0.8971088396338885,433,433,1343
leverage_override,152,confirmation,3m <= -0.795% AND 15m <= -1.425%,2123034607.1089704,338.01041582706983,0.9694763662000249,0.9733583445934233,0.0,0.0,-42.36387392623635,0.8886258218090616,433,433,1343
leverage_override,153,confirmation,3m <= -0.840% AND 15m <= -1.500%,1743162898.6117406,327.7342125581203,0.9694763662000249,0.9733583445934233,0.0,0.0,-52.64007719518588,0.8616097916887971,433,433,1343
leverage_override,154,confirmation,3m <= -0.885% AND 15m <= -1.575%,2741890045.61283,351.7129156210852,0.9694763662000249,0.9733583445934233,0.0,0.0,-28.661374132221,0.9246495493930216,433,433,1345
leverage_override,155,confirmation,3m <= -0.930% AND 15m <= -1.650%,2681176536.5470133,350.4965263629872,0.9694763662000249,0.9733583445934233,0.0,0.0,-29.87776339031899,0.9214516748498003,433,433,1351
leverage_override,156,confirmation,3m <= -0.975% AND 15m <= -1.725%,2681176536.5470133,350.4965263629872,0.9694763662000249,0.9733583445934233,0.0,0.0,-29.87776339031899,0.9214516748498003,433,433,1351
leverage_override,157,confirmation,3m <= -1.020% AND 15m <= -1.800%,2681176536.5470133,350.4965263629872,0.9694763662000249,0.9733583445934233,0.0,0.0,-29.87776339031899,0.9214516748498003,433,433,1351
leverage_override,158,confirmation,3m <= -1.065% AND 15m <= -1.875%,3340552868.66586,362.58433988017504,0.9694763662000249,0.9733583445934233,0.0,0.0,-17.78994987313115,0.9532304092249008,433,433,1352
leverage_override,159,confirmation,3m <= -1.110% AND 15m <= -1.950%,3340552868.66586,362.58433988017504,0.9694763662000249,0.9733583445934233,0.0,0.0,-17.78994987313115,0.9532304092249008,433,433,1352
leverage_override,160,confirmation,3m <= -1.155% AND 15m <= -2.025%,3340552868.66586,362.58433988017504,0.9694763662000249,0.9733583445934233,0.0,0.0,-17.78994987313115,0.9532304092249008,433,433,1352
leverage_override,161,confirmation,5m <= -0.400% AND 30m <= -0.800%,28238680.977880005,160.35062845383052,0.9105907013607704,0.9105907013607704,5.88856648392545,6.276764323265294,-220.02366129947566,0.42156011269275534,433,433,1121
leverage_override,162,confirmation,5m <= -0.455% AND 30m <= -0.895%,32784936.008249983,165.07306524878862,0.9644086713420241,0.9644086713420241,0.5067694858000737,0.8949673251399171,-215.30122450451756,0.43397534926939374,433,433,1214
leverage_override,163,confirmation,5m <= -0.510% AND 30m <= -0.990%,715340103.5960009,284.23027655519314,0.9665016688790562,0.9665016688790562,0.29746973209686667,0.68566757143671,-96.14401319811304,0.747238402310346,433,433,1255
leverage_override,164,confirmation,5m <= -0.565% AND 30m <= -1.085%,4201388449.3012743,375.5343740082632,0.9584380774598475,0.9584380774598475,1.1038288740177316,1.4920267133575749,-4.839915745042958,0.9872759125013894,433,433,1286
leverage_override,165,confirmation,5m <= -0.620% AND 30m <= -1.180%,36124438.02456998,168.18754303988598,0.9891544519071211,0.9891544519071211,-1.9678085707096282,-1.579610731369785,-212.1867467134202,0.44216327856692134,433,433,1312
leverage_override,166,confirmation,5m <= -0.675% AND 30m <= -1.275%,195207469.75759983,228.60295217644898,0.9882168538740457,0.9897879457057035,-1.8740487674020812,-1.64296011122802,-151.7713375768572,0.6009947526282879,433,433,1325
leverage_override,167,confirmation,5m <= -0.730% AND 30m <= -1.370%,277160007.4011702,242.7708216919443,0.988288241351751,0.9898440707384789,-1.881187515172611,-1.6485726145055613,-137.6034680613619,0.6382419323067146,433,433,1334
leverage_override,168,confirmation,5m <= -0.785% AND 30m <= -1.465%,293632286.2933396,245.16219581271866,0.988288241351751,0.9898440707384789,-1.881187515172611,-1.6485726145055613,-135.21209394058752,0.6445288296738456,433,433,1337
leverage_override,169,confirmation,5m <= -0.840% AND 30m <= -1.560%,1350185461.2306097,314.7761643462679,0.9694763662000249,0.9733583445934233,0.0,0.0,-65.59812540703831,0.8275432194705317,433,433,1341
leverage_override,170,confirmation,5m <= -0.895% AND 30m <= -1.655%,2690321022.215677,350.6812752062223,0.9694763662000249,0.9733583445934233,0.0,0.0,-29.693014547083862,0.9219373776120846,433,433,1347
leverage_override,171,confirmation,5m <= -0.950% AND 30m <= -1.750%,2700679260.653757,350.8898798693968,0.9694763662000249,0.9733583445934233,0.0,0.0,-29.484409883909393,0.9224857970736359,433,433,1347
leverage_override,172,confirmation,5m <= -1.005% AND 30m <= -1.845%,3870311366.2234993,370.85721524757605,0.9694763662000249,0.9733583445934233,0.0,0.0,-9.517074505730136,0.9749797113997833,433,433,1348
leverage_override,173,confirmation,5m <= -1.060% AND 30m <= -1.940%,4003865101.867847,372.7847673477603,0.9694763662000249,0.9733583445934233,0.0,0.0,-7.5895224055458925,0.9800472255617799,433,433,1349
leverage_override,174,confirmation,5m <= -1.115% AND 30m <= -2.035%,4042045289.281051,373.3254154984553,0.9694763662000249,0.9733583445934233,0.0,0.0,-7.048874254850887,0.9814685838534921,433,433,1349
leverage_override,175,confirmation,5m <= -1.170% AND 30m <= -2.130%,3931635326.240865,371.74943833402796,0.9694763662000249,0.9733583445934233,0.0,0.0,-8.62485141927823,0.9773253564932795,433,433,1349
leverage_override,176,confirmation,5m <= -1.225% AND 30m <= -2.225%,3097719384.7536583,358.3992850921697,0.9694763662000249,0.9733583445934233,0.0,0.0,-21.975004661136495,0.9422279442824895,433,433,1352
leverage_override,177,confirmation,5m <= -1.280% AND 30m <= -2.320%,2651518452.8226466,349.893497141352,0.9694763662000249,0.9733583445934233,0.0,0.0,-30.4807926119542,0.9198663173798558,433,433,1352
leverage_override,178,confirmation,5m <= -1.335% AND 30m <= -2.415%,3195242244.9129105,360.1135493472468,0.9694763662000249,0.9733583445934233,0.0,0.0,-20.26074040605937,0.9467347269469775,433,433,1352
leverage_override,179,confirmation,5m <= -1.390% AND 30m <= -2.510%,3198045666.8288813,360.1621440699772,0.9694763662000249,0.9733583445934233,0.0,0.0,-20.21214568332897,0.9468624819610241,433,433,1352
leverage_override,180,confirmation,5m <= -1.445% AND 30m <= -2.605%,3198045666.8288813,360.1621440699772,0.9694763662000249,0.9733583445934233,0.0,0.0,-20.21214568332897,0.9468624819610241,433,433,1352
leverage_override,181,confirmation,15m <= -0.600% AND 60m <= -1.000%,57027954.269540004,183.34577536781435,0.9324536145940637,0.9335492742536852,3.7022751605961135,3.980907033973813,-197.02851438549183,0.4820141116444128,433,433,1142
leverage_override,182,confirmation,15m <= -0.675% AND 60m <= -1.115%,96738218.52343002,201.96381233345937,0.9412817016469714,0.9428086038950656,2.8194664553053417,3.0549740698357697,-178.4104774198468,0.5309607346607051,433,433,1195
leverage_override,183,confirmation,15m <= -0.750% AND 60m <= -1.230%,308757113.7449898,247.2562050789735,0.9488199751752535,0.9492936771082313,2.065639102477135,2.406466748519198,-133.1180846743327,0.6500339579715886,433,433,1239
leverage_override,184,confirmation,15m <= -0.825% AND 60m <= -1.345%,306315094.33076996,246.92430710385528,0.9661346813102958,0.9661346813102958,0.33416848897290796,0.7223663283127513,-133.4499826494509,0.6491614016920002,433,433,1261
leverage_override,185,confirmation,15m <= -0.900% AND 60m <= -1.460%,62705948.995010026,186.60295494653906,0.9814465164795334,0.9814465164795334,-1.197015027950854,-0.8088171886110107,-193.77133480676713,0.49057720243805497,433,433,1304
leverage_override,186,confirmation,15m <= -0.975% AND 60m <= -1.575%,125131938.26658006,211.46877223850717,0.9888427690803544,0.9888427690803544,-1.9366402880329536,-1.5484424486931103,-168.90551751479902,0.5559491741033716,433,433,1322
leverage_override,187,confirmation,15m <= -1.050% AND 60m <= -1.690%,50516486.445210025,179.23891820003539,0.985207106822936,0.9869476181541753,-1.5730740622911132,-1.3589273560752013,-201.1353715532708,0.47121722742165817,433,433,1329
leverage_override,188,confirmation,15m <= -1.125% AND 60m <= -1.805%,136728727.68699002,214.81089798214293,0.9878490808862248,0.9894988015636372,-1.8372714686199942,-1.6140456970213934,-165.56339177116325,0.5647355874695414,433,433,1334
leverage_override,189,confirmation,15m <= -1.200% AND 60m <= -1.920%,327028149.32856995,249.66868369298004,0.9878490808862248,0.9894988015636372,-1.8372714686199942,-1.6140456970213934,-130.70560606032615,0.6563763388290623,433,433,1338
leverage_override,190,confirmation,15m <= -1.275% AND 60m <= -2.035%,298177076.7239602,245.8011980985157,0.9895145762366164,0.9908082186229427,-2.0038210036591564,-1.7449874029519363,-134.5730916547905,0.6462087599504461,433,433,1341
leverage_override,191,confirmation,15m <= -1.350% AND 60m <= -2.150%,939983943.3581606,297.0768932228481,0.9694763662000249,0.9733583445934233,0.0,0.0,-83.29739653045806,0.7810120221729996,433,433,1347
leverage_override,192,confirmation,15m <= -1.425% AND 60m <= -2.265%,3187320350.956681,359.9760276572887,0.9694763662000249,0.9733583445934233,0.0,0.0,-20.398262096017504,0.9463731838730559,433,433,1348
leverage_override,193,confirmation,15m <= -1.500% AND 60m <= -2.380%,3600647407.5303583,366.7799002983217,0.9694763662000249,0.9733583445934233,0.0,0.0,-13.59438945498448,0.9642604933582625,433,433,1349
leverage_override,194,confirmation,15m <= -1.575% AND 60m <= -2.495%,3600647407.5303583,366.7799002983217,0.9694763662000249,0.9733583445934233,0.0,0.0,-13.59438945498448,0.9642604933582625,433,433,1349
leverage_override,195,confirmation,15m <= -1.650% AND 60m <= -2.610%,2763248884.429448,352.13520862987195,0.9694763662000249,0.9733583445934233,0.0,0.0,-28.239081123434232,0.9257597532636898,433,433,1352
leverage_override,196,confirmation,15m <= -1.725% AND 60m <= -2.725%,2640740231.1337423,349.67287617611,0.9694763662000249,0.9733583445934233,0.0,0.0,-30.701413577196206,0.9192863071867771,433,433,1352
leverage_override,197,confirmation,15m <= -1.800% AND 60m <= -2.840%,3948649265.9200377,371.9948102746617,0.9694763662000249,0.9733583445934233,0.0,0.0,-8.379479478644498,0.9779704367398778,433,433,1353
leverage_override,198,confirmation,15m <= -1.875% AND 60m <= -2.955%,3948649265.9200377,371.9948102746617,0.9694763662000249,0.9733583445934233,0.0,0.0,-8.379479478644498,0.9779704367398778,433,433,1353
leverage_override,199,confirmation,15m <= -1.950% AND 60m <= -3.070%,3948649265.9200377,371.9948102746617,0.9694763662000249,0.9733583445934233,0.0,0.0,-8.379479478644498,0.9779704367398778,433,433,1353
leverage_override,200,confirmation,15m <= -2.025% AND 60m <= -3.185%,3948649265.9200377,371.9948102746617,0.9694763662000249,0.9733583445934233,0.0,0.0,-8.379479478644498,0.9779704367398778,433,433,1353
protected,1,single,1m <= -0.200%,144795.52131999994,37.968774173988876,0.7145488764972902,0.7145488764972902,10.621202811344721,13.217484042164907,-813.2480707386648,0.04460528994569531,376,433,704
protected,2,single,1m <= -0.240%,1714922.2532700002,85.80305914947543,0.7636126944613307,0.767488975757469,5.714821014940663,7.923474116147022,-765.4137857631782,0.10080047130444181,376,433,843
protected,3,single,1m <= -0.280%,9572375.69017,128.55001883271115,0.860696897981787,0.860696897981787,-3.9935993371049583,-1.3973181062847728,-722.6668260799424,0.15101911998217343,376,433,950
protected,4,single,1m <= -0.320%,39930654.072779976,171.4423539953352,0.9261186737273351,0.9389940451882428,-10.535776911659777,-9.227032826930358,-679.7744909173184,0.201408554142191,376,433,1021
protected,5,single,1m <= -0.360%,343645513.2136498,251.76197735520054,0.940815525507242,0.9511296621403685,-12.005462089650464,-10.440594522142932,-599.4548675574531,0.2957671465970986,376,433,1065
protected,6,single,1m <= -0.400%,3189535529.0538173,360.01451273376495,0.9385011069114694,0.9492185795516761,-11.774020230073202,-10.249486263273688,-491.2023321788887,0.4229410107253074,376,433,1093
protected,7,single,1m <= -0.440%,8385540491.001581,416.80326818875227,0.7645042107884801,0.8055442938046908,5.625669382225729,4.117942311424838,-434.4135767239014,0.48965580354735805,376,433,1112
protected,8,single,1m <= -0.480%,18407052629.749126,468.12490941582416,0.7645043288625338,0.8055443913018631,5.6256575748203534,4.117932561707615,-383.0919354968295,0.5499478919074494,376,433,1130
protected,9,single,1m <= -0.520%,58919316155.64169,553.566860572372,0.7645053929493437,0.805545269949217,5.625551166139364,4.117844696972217,-297.64998434028166,0.6503241375929014,376,433,1144
protected,10,single,1m <= -0.560%,50225614400.40292,541.1222525192952,0.795777152250797,0.8313672689721887,2.4983752359940326,1.5356447946750507,-310.0945923933584,0.63570435166238,376,433,1159
protected,11,single,1m <= -0.600%,116305083820.78336,609.3419858643957,0.7957784570730658,0.8313683464017962,2.4982447537671537,1.5355370517142974,-241.87485904825792,0.7158481290709449,376,433,1160
protected,12,single,1m <= -0.640%,216620037525.5553,664.5074498173402,0.7957787484463126,0.8313685869971404,2.4982156164424785,1.5355129921798771,-186.70939509531343,0.7806558972473432,376,433,1161
protected,13,single,1m <= -0.680%,92870353015.6372,590.3793712756382,0.8201121502398143,0.8461689707838035,0.06487543709230437,0.05547461351357308,-260.8374736370155,0.6935710621847704,376,433,1164
protected,14,single,1m <= -0.720%,309081155848.47156,697.9428405935212,0.8201121502398143,0.8461689707838035,0.06487543709230437,0.05547461351357308,-153.27400431913247,0.8199354192352003,376,433,1169
protected,15,single,1m <= -0.760%,252581385923.47006,678.7789717268096,0.8201121502398143,0.8461689707838035,0.06487543709230437,0.05547461351357308,-172.43787318584407,0.797421921081063,376,433,1169
protected,16,single,1m <= -0.800%,277445919480.9463,687.6344015771563,0.8201068037802978,0.8461649995875843,0.06541008304395968,0.055871733135492985,-163.58244333549737,0.8078251807243275,376,433,1170
protected,17,single,1m <= -0.840%,277445919480.9463,687.6344015771563,0.8201068037802978,0.8461649995875843,0.06541008304395968,0.055871733135492985,-163.58244333549737,0.8078251807243275,376,433,1170
protected,18,single,1m <= -0.880%,277445919480.9463,687.6344015771563,0.8201068037802978,0.8461649995875843,0.06541008304395968,0.055871733135492985,-163.58244333549737,0.8078251807243275,376,433,1170
protected,19,single,1m <= -0.920%,602843711612.8105,764.7890282464601,0.8201137161730565,0.8461699423998922,0.06471884376808568,0.055377451904703445,-86.42781666619351,0.89846557057378,376,433,1171
protected,20,single,1m <= -0.960%,602843711612.8105,764.7890282464601,0.8201137161730565,0.8461699423998922,0.06471884376808568,0.055377451904703445,-86.42781666619351,0.89846557057378,376,433,1171
protected,21,single,3m <= -0.300%,433126.4798099998,57.42906474205367,0.642381622588138,0.6502497276230128,17.837928202259935,19.64739892959264,-793.7877801706,0.067467020989166,376,433,653
protected,22,single,3m <= -0.350%,1216849.33805,78.28262449970234,0.6822577392744276,0.6822577392744276,13.85031653363098,16.446597764451166,-772.9342204129513,0.09196554904612489,376,433,785
protected,23,single,3m <= -0.400%,7852734.093089995,123.16448586178304,0.6984462155797776,0.7197684507171911,12.231468903095976,12.695526620174814,-728.0523590508706,0.14469225626570087,376,433,887
protected,24,single,3m <= -0.450%,13550549.53155,138.31833901469741,0.7625132788059488,0.7625132788059488,5.824762580478859,8.421043811299045,-712.8985058979563,0.16249483294575867,376,433,953
protected,25,single,3m <= -0.500%,110649509.57470995,206.8892746283095,0.7459096206834994,0.7459096206834994,7.485128392723794,10.08140962354398,-644.3275702843441,0.24305119883939694,376,433,1025
protected,26,single,3m <= -0.550%,1170239991.6410804,307.693079366568,0.7003596360441575,0.7003596360441575,12.040126856657984,14.63640808747817,-543.5237655460857,0.3614743777751972,376,433,1079
protected,27,single,3m <= -0.600%,369097637.4986998,254.8016809369376,0.8580199865606203,0.8836221321577278,-3.725908194988292,-3.689841523878856,-596.415163975716,0.29933815626391147,376,433,1096
protected,28,single,3m <= -0.650%,3356886595.4858093,362.8561294302655,0.8578126950061001,0.8834522198682979,-3.705179039536277,-3.67285029493587,-488.3607154823881,0.4262793101415885,376,433,1120
protected,29,single,3m <= -0.700%,89550682711.72517,587.3598281850427,0.7896861003449541,0.8263377106782224,3.107480426578324,2.0386006240716847,-263.8570167276109,0.6900237368367795,376,433,1139
protected,30,single,3m <= -0.750%,383001987976.93066,718.8163970214156,0.7150858273516664,0.746260514936991,10.567507725907099,10.046320198194824,-132.40044789123806,0.8444574391560307,376,433,1151
protected,31,single,3m <= -0.800%,317433206297.32,700.509060882053,0.8244947942211986,0.8550802592057539,-0.3733889610461283,-0.8356542286814705,-150.7077840306007,0.8229501860409432,376,433,1156
protected,32,single,3m <= -0.850%,187512472350.03073,651.3374572104776,0.8238129811225678,0.8545172663470223,-0.30520765118304816,-0.779354942808308,-199.87938770217602,0.7651839376807841,376,433,1160
protected,33,single,3m <= -0.900%,321447137428.88367,701.7212989182738,0.8238135811644142,0.8545177618189853,-0.3052676553676803,-0.7794044900046093,-149.49554599437988,0.8243743096863642,376,433,1160
protected,34,single,3m <= -0.950%,1011336685302.9426,820.3817144410219,0.7957786688367535,0.8313685212612176,2.498223577398384,1.5355195657721588,-30.835130471631714,0.963775234646824,376,433,1166
protected,35,single,3m <= -1.000%,1517201321076.346,866.4514978531878,0.7957786688367535,0.8313685212612176,2.498223577398384,1.5355195657721588,15.234652940534147,1.0178974993640986,376,433,1167
protected,36,single,3m <= -1.050%,466030461820.79254,738.3939003316026,0.8018979944441417,0.8313682873066354,1.8862910166595692,1.535542961230385,-112.82294458105105,0.8674568704139917,376,433,1168
protected,37,single,3m <= -1.100%,349703086124.1682,709.8967603041428,0.8202725922590562,0.8463092386355159,0.04883123516811194,0.041447828342333626,-141.3200846085108,0.8339787500058082,376,433,1171
protected,38,single,3m <= -1.150%,285998827612.4265,690.5194400858315,0.8202725922590562,0.8463092386355159,0.04883123516811194,0.041447828342333626,-160.6974048268221,0.8112144915984225,376,433,1171
protected,39,single,3m <= -1.200%,283896149702.6209,689.8172795380685,0.8202725922590562,0.8463092386355159,0.04883123516811194,0.041447828342333626,-161.3995653745851,0.8103896012641211,376,433,1171
protected,40,single,3m <= -1.250%,605742053418.0677,765.2886547623322,0.8202778339412052,0.8463103969513485,0.04830706695321263,0.041331996759075285,-85.92819015032148,0.8990525261995503,376,433,1171
protected,41,single,5m <= -0.400%,1743155.4200399986,86.16878137278574,0.5919105373966689,0.5919105373966689,22.88503672140685,25.481317952227034,-765.0480635398679,0.10123011766952031,376,433,746
protected,42,single,5m <= -0.460%,1344738.383720001,80.44110002212817,0.7825882295241554,0.7825882295241554,3.8172675086581953,6.413548739478381,-770.7757448905255,0.09450130187494411,376,433,837
protected,43,single,5m <= -0.520%,7964068.500520002,123.54314468043555,0.690206732660569,0.7248778208727948,13.055417195016839,12.184589604614438,-727.6737002322182,0.14513710039785777,376,433,919
protected,44,single,5m <= -0.580%,120972169.4790801,210.20328035221257,0.6781737974982791,0.6880834662009861,14.258710711245826,15.864025071795307,-641.0135645604411,0.24694445558555914,376,433,1023
protected,45,single,5m <= -0.640%,837791265.09811,291.61142517275306,0.7248297222994513,0.7549038252743453,9.593118231128607,9.181989164459392,-559.6054197399005,0.34258183084085503,376,433,1073
protected,46,single,5m <= -0.700%,1157701192.9206004,307.16454074771883,0.7398843857017996,0.7549035162965185,8.087651890893778,9.182020062242069,-544.0523041649349,0.36085345653520057,376,433,1096
protected,47,single,5m <= -0.760%,5983379820.826078,396.21879504083273,0.7324420471085928,0.7606830686854446,8.831885750214452,8.604064823349466,-454.9980498718209,0.4654733954207522,376,433,1120
protected,48,single,5m <= -0.820%,28890428949.038597,499.8171428071106,0.7150857616135562,0.7150857616135562,10.567514299718116,13.163795530538302,-351.39970210554304,0.5871795721551993,376,433,1129
protected,49,single,5m <= -0.880%,64168510143.300896,560.3183804099922,0.7861108123155812,0.8233854916133673,3.4650092295156143,2.3338225305571947,-290.89846450266145,0.6582557473559965,376,433,1152
protected,50,single,5m <= -0.940%,195597567528.37463,655.1666073104263,0.7150857948556939,0.7511653622701402,10.567510975504346,9.555835464879902,-196.0502376022273,0.7696823802607611,376,433,1155
protected,51,single,5m <= -1.000%,378846419295.71735,717.7414070251259,0.8219313412794991,0.8529635417317574,-0.11704366687617096,-0.6239824812818151,-133.47543788752773,0.8431945529681991,376,433,1163
protected,52,single,5m <= -1.060%,270748269961.41553,685.3200338885357,0.8018855776761086,0.8313677210450608,1.8875326934628789,1.535599587387837,-165.89681102411794,0.805106287527544,376,433,1166
protected,53,single,5m <= -1.120%,245241089548.1886,676.0180712656149,0.8018757378463615,0.8313673506723467,1.8885166764375905,1.5356366246592534,-175.1987736470387,0.7941784461925017,376,433,1166
protected,54,single,5m <= -1.180%,173090540415.65292,644.1312507367364,0.8180478113305482,0.8444055846566749,0.2713093280189205,0.23181322622642941,-207.0855941759172,0.7567181671584906,376,433,1169
protected,55,single,5m <= -1.240%,139370686177.78876,624.9658956942885,0.8171591432648607,0.8436422630302195,0.3601761345876642,0.30814538887197207,-226.25094921836512,0.734202923061771,376,433,1169
protected,56,single,5m <= -1.300%,202948473870.40344,658.5290618929901,0.8171591432648607,0.8436422630302195,0.3601761345876642,0.30814538887197207,-192.68778301966358,0.7736325541825527,376,433,1171
protected,57,single,5m <= -1.360%,202948473870.40344,658.5290618929901,0.8171591432648607,0.8436422630302195,0.3601761345876642,0.30814538887197207,-192.68778301966358,0.7736325541825527,376,433,1171
protected,58,single,5m <= -1.420%,336000106722.7762,706.0075771873601,0.8202638225777861,0.8462986309275549,0.04970820329512904,0.04250859913843552,-145.20926772529356,0.829409781311137,376,433,1173
protected,59,single,5m <= -1.480%,268222086461.04626,684.4340176333953,0.8193601677220901,0.8455256865796309,0.14007368886472804,0.11980303393083203,-166.7828272792583,0.8040654055708067,376,433,1173
protected,60,single,5m <= -1.540%,627547201973.5691,768.9815108748294,0.8193531589789449,0.8455197358450226,0.14077456317924675,0.12039810739166157,-82.23533403782426,0.9033908521320878,376,433,1173
protected,61,single,15m <= -0.600%,2205921.431549998,91.52281202180706,0.7073199018662474,0.7122267653881538,11.344100274448998,13.449695153078544,-759.6940328908465,0.10751997281162655,376,433,775
protected,62,single,15m <= -0.680%,21696043.87555,152.21715882218268,0.7989097470755101,0.7989097470755101,2.185115753522726,4.781396984342912,-698.999686090471,0.17882301053123803,376,433,863
protected,63,single,15m <= -0.760%,23081502.32938999,154.104294430058,0.7158920338119956,0.7246402830186711,10.486887079874174,12.20834339002681,-697.1125504825957,0.18103999627247883,376,433,945
protected,64,single,15m <= -0.840%,232415000.37119007,235.57962502419863,0.7218737061000733,0.7304377677228844,9.888719851066408,11.628594919605483,-615.637219888455,0.2767563006208745,376,433,1000
protected,65,single,15m <= -0.920%,896449922.3776903,294.8158598225171,0.6360860257876413,0.6360860257876413,18.46748788230961,21.063769113129794,-556.4009850901366,0.3463463647183453,376,433,1052
protected,66,single,15m <= -1.000%,2002317693.9915009,334.93345100629205,0.9024376080032781,0.9024376080032781,-8.167670339254073,-5.5713891084338885,-516.2833939063617,0.39347606078056496,376,433,1088
protected,67,single,15m <= -1.080%,18976396939.745613,470.2127952831219,0.7583047352306712,0.7583047352306712,6.245616938006615,8.8418981688268,-381.0040496295317,0.5524007168013365,376,433,1110
protected,68,single,15m <= -1.160%,108511898617.69145,603.442147142071,0.7313181100446746,0.7323406990929058,8.944279456606274,11.438301782603343,-247.77469777058263,0.7089170647274871,376,433,1130
protected,69,single,15m <= -1.240%,321640328028.39514,701.7793074689514,0.7321742297076119,0.7351487999873185,8.858667490312545,11.157491693162068,-149.43753744370224,0.8244424574809295,376,433,1143
protected,70,single,15m <= -1.320%,132412713496.38501,620.5086077749962,0.8599859751519654,0.8599859751519654,-3.9225070541228035,-1.326225823302618,-230.70823713765742,0.7289665512184135,376,433,1149
protected,71,single,15m <= -1.400%,24100409023.4513,486.8648208159156,0.8599755200958321,0.8599755200958321,-3.921461548509475,-1.3251803176892896,-364.35202409673803,0.5719633295859817,376,433,1161
protected,72,single,15m <= -1.480%,115038496839.2478,608.407251533883,0.8600009056606432,0.8600009056606432,-3.924000104990588,-1.3277188741704027,-242.80959337877061,0.7147500136658055,376,433,1164
protected,73,single,15m <= -1.560%,154630897123.18744,634.0938970067549,0.8018882610124686,0.8313668353667198,1.887264359826879,1.535688155221937,-217.12294790589874,0.744926396600882,376,433,1164
protected,74,single,15m <= -1.640%,150000272977.14462,631.4110717592694,0.8018724095533202,0.8313676841451041,1.8888495057417187,1.5356032773835127,-219.80577315338428,0.7417746435974968,376,433,1166
protected,75,single,15m <= -1.720%,164121678422.43164,639.378638679657,0.801888964714729,0.8313673568963899,1.8871939896008327,1.5356360022549365,-211.83820623299664,0.751134851831164,376,433,1166
protected,76,single,15m <= -1.800%,403762831314.5243,724.0380190942328,0.801899707225998,0.8313682677653206,1.8861197384739348,1.5355449153618639,-127.17882581842082,0.8505917421882422,376,433,1168
protected,77,single,15m <= -1.880%,331031131348.16565,704.5627523101432,0.8164115136165074,0.8430049983819324,0.4349390994229929,0.3718718537006782,-146.65409260251045,0.8277124172541966,376,433,1171
protected,78,single,15m <= -1.960%,375902274657.27075,716.9735013200974,0.8166268956225697,0.84318964411618,0.41340089881676256,0.35340728027591917,-134.24334359255624,0.8422924259607064,376,433,1172
protected,79,single,15m <= -2.040%,435534991549.6831,731.589022387816,0.8166268956225697,0.84318964411618,0.41340089881676256,0.35340728027591917,-119.6278225248376,0.8594625761463719,376,433,1173
protected,80,single,15m <= -2.120%,453260238370.3328,735.5934217530837,0.8168676543449545,0.843395054132018,0.38932502657829104,0.33286627869212326,-115.62342315956994,0.864166899597206,376,433,1173
protected,81,single,30m <= -0.800%,10392446.964339998,130.8235449769339,0.7464670736168872,0.751780261445527,7.429383099385012,9.49434554734122,-720.3932999357197,0.1536900329907806,376,433,848
protected,82,single,30m <= -0.900%,133206057.39781998,213.82293171085456,0.706149633802133,0.706149633802133,11.461127080860434,14.05740831168062,-637.393913201799,0.2511967813945173,376,433,921
protected,83,single,30m <= -1.000%,1269536945.5344698,311.71124158000606,0.6421052196310635,0.6634963787377296,17.865568497967388,18.322733818120962,-539.5056033326475,0.366194869665663,376,433,994
protected,84,single,30m <= -1.100%,794462165.3288801,289.1151152130001,0.7456744723853976,0.7456744723853976,7.508643222533973,10.104924453354158,-562.1017296996536,0.3396491939050703,376,433,1035
protected,85,single,30m <= -1.200%,23639308001.57178,485.5011809239007,0.7283547571047939,0.7283547571047939,9.240614750594345,11.83689598141453,-365.71566398875296,0.5703613407388803,376,433,1075
protected,86,single,30m <= -1.300%,37332773705.567055,518.6232574869738,0.6875861747955943,0.6875861747955943,13.31747298151431,15.913754212334496,-332.59358742567986,0.6092727847041038,376,433,1097
protected,87,single,30m <= -1.400%,49730188275.25313,540.3573730006192,0.8599252326079051,0.8599252326079051,-3.9164327997167736,-1.3201515688965881,-310.85947191203445,0.6348057797846648,376,433,1125
protected,88,single,30m <= -1.500%,397734710959.13605,722.5466717974073,0.8618191905859658,0.8618191905859658,-4.105828597522843,-1.509547366702657,-128.67017311524637,0.8488397241146589,376,433,1143
protected,89,single,30m <= -1.600%,38748922008.09172,521.4030720317937,0.8577913616680448,0.8577913616680448,-3.7030457057307453,-1.1067644749105598,-329.8137728808599,0.61253847964592,376,433,1149
protected,90,single,30m <= -1.700%,41455021658.11776,526.4751941496881,0.8580344284096748,0.8580344284096748,-3.7273523798937447,-1.1310711490735592,-324.7416507629655,0.6184971518082583,376,433,1150
protected,91,single,30m <= -1.800%,129763027924.96275,618.7568895385149,0.8018861300628063,0.836051532446416,1.8874774547931072,1.0672184472523272,-232.45995537413876,0.7269086522859022,376,433,1155
protected,92,single,30m <= -1.900%,182843698184.50397,649.0596388014899,0.8019005629087813,0.8360506420480847,1.8860341701956052,1.067307487085456,-202.15720611116376,0.7625079821676839,376,433,1159
protected,93,single,30m <= -2.000%,349523917888.64685,709.8467803309856,0.8018967522587557,0.8360514291330219,1.886415235198169,1.0672287785917334,-141.3700645816681,0.833920034094045,376,433,1168
protected,94,single,30m <= -2.100%,527486985527.7073,750.9940470091547,0.8018967522587557,0.830322813805681,1.886415235198169,1.6400903113258258,-100.22279790349899,0.8822593813756315,376,433,1170
protected,95,single,30m <= -2.200%,520875830010.6635,749.7025149222313,0.801892537947879,0.8303233575331672,1.8868366662858405,1.6400359385772,-101.51432999042231,0.880742103969008,376,433,1170
protected,96,single,30m <= -2.300%,488151599134.3494,743.0890809548991,0.801902184177283,0.8303224462140432,1.885872043345438,1.6401270704896054,-108.1277639577545,0.8729727159372065,376,433,1170
protected,97,single,30m <= -2.400%,341426146318.40015,707.563991620764,0.8253215064073107,0.8557628994453478,-0.45606017965733603,-0.9039182526408562,-143.65285329188964,0.8312382395268149,376,433,1174
protected,98,single,30m <= -2.500%,761304095373.836,789.4373946630976,0.8251640128466446,0.8556328524425412,-0.44031082359072826,-0.8909135523601952,-61.77945024955602,0.9274221949215591,376,433,1176
protected,99,single,30m <= -2.600%,761304095373.836,789.4373946630976,0.8251640128466446,0.8556328524425412,-0.44031082359072826,-0.8909135523601952,-61.77945024955602,0.9274221949215591,376,433,1176
protected,100,single,30m <= -2.700%,761304095373.836,789.4373946630976,0.8251640128466446,0.8556328524425412,-0.44031082359072826,-0.8909135523601952,-61.77945024955602,0.9274221949215591,376,433,1176
protected,101,single,60m <= -1.000%,43278443.74947998,174.08685286474105,0.8616213064521849,0.8645212532196132,-4.086040184144757,-1.7797536300673933,-677.1299920479125,0.20451528174657388,376,433,884
protected,102,single,60m <= -1.120%,885293972.8682302,294.2209227516168,0.7534080505051453,0.7585757790656431,6.735285410559211,8.814793785329611,-556.9959221610368,0.34564743932177217,376,433,946
protected,103,single,60m <= -1.240%,1578657637.2762606,322.65869377915806,0.7970607867396665,0.8003526328982489,2.3700117871070847,4.6371084020690345,-528.5581511334956,0.3790558136948843,376,433,995
protected,104,single,60m <= -1.360%,6630832209.15873,402.3965281322332,0.701601635102487,0.7064419096627073,11.915926950825039,14.028180725623196,-448.82031678042046,0.47273092695143326,376,433,1028
protected,105,single,60m <= -1.480%,331408859276.12683,704.6732515445526,0.6813467902841782,0.6813467902841782,13.941411432655915,16.5376926634761,-146.54359336810103,0.8278422305151417,376,433,1077
protected,106,single,60m <= -1.600%,135595354903.7386,622.5723601549652,0.6974964309424011,0.6974964309424011,12.326447366833627,14.922728597653812,-228.64448475768847,0.7313910243621289,376,433,1113
protected,107,single,60m <= -1.720%,211794781754.64966,662.436336173223,0.7727411600541689,0.7727411600541689,4.801974455656843,7.398255686477029,-188.78050873943062,0.778222776173089,376,433,1131
protected,108,single,60m <= -1.840%,179462757092.39285,647.377973747303,0.8018961563349822,0.8302089826078494,1.8864748275755128,1.6514734311089851,-203.8388711653506,0.7605323809278384,376,433,1146
protected,109,single,60m <= -1.960%,401316834165.8467,723.4352600808406,0.801901533424239,0.8193451329270779,1.8859371186498386,2.7378583991861327,-127.781584831813,0.8498836276613803,376,433,1154
protected,110,single,60m <= -2.080%,283130842835.7666,689.560579986319,0.8056065054713442,0.839483651130631,1.5154399139393204,0.724006578830827,-161.65626492633464,0.8100880335105178,376,433,1156
protected,111,single,60m <= -2.200%,209826201472.68567,661.5794356386339,0.8357987023585899,0.8644142241440782,-1.5037797747852522,-1.7690507225138985,-189.63740927401977,0.7772160990382196,376,433,1156
protected,112,single,60m <= -2.320%,117989077639.38208,610.570994840171,0.8749376201748514,0.8967323642227756,-5.417671556411408,-5.000864730383636,-240.64585007248263,0.7172919550280091,376,433,1161
protected,113,single,60m <= -2.440%,546094023176.02814,754.5540977517845,0.8421574624997414,0.8696648368956446,-2.1396557889004075,-2.2941119976705338,-96.66274716086912,0.88644168904953,376,433,1165
protected,114,single,60m <= -2.560%,319405171303.39716,701.1062838391956,0.8421578505129907,0.869665157289443,-2.1396945902253384,-2.294144037050383,-150.11056107345803,0.8236517968710295,376,433,1165
protected,115,single,60m <= -2.680%,176981436515.76184,646.1259529499337,0.8566295260801043,0.8816148397090504,-3.586862146936698,-3.4891122790111195,-205.09089196271998,0.7590615209409242,376,433,1170
protected,116,single,60m <= -2.800%,402280154957.04114,723.6730327426758,0.8392489298855617,0.8672631771233994,-1.8488025274824293,-2.053946020446018,-127.54381216997785,0.8501629603170441,376,433,1172
protected,117,single,60m <= -2.920%,421529190617.86694,728.3222077137142,0.8523329953564078,0.8780670696242281,-3.1572090745670467,-3.1343352705288874,-122.89463719893945,0.8556247589161019,376,433,1172
protected,118,single,60m <= -3.040%,549166070403.132,755.1315750906624,0.8184405863660228,0.8452644265686203,0.23203182447145698,0.1459290350318887,-96.08526982199123,0.8871201029487957,376,433,1175
protected,119,single,60m <= -3.160%,504095052064.9919,746.3583539844665,0.8276428795219997,0.8576797245820987,-0.6881974911262301,-1.0956007663159517,-104.85849092818717,0.8768134212158982,376,433,1175
protected,120,single,60m <= -3.280%,505160030701.41815,746.573476817332,0.8272208287198701,0.8573312249887379,-0.6459924109132764,-1.060750806979871,-104.64336809532165,0.8770661451065862,376,433,1175
protected,121,confirmation,1m <= -0.200% AND 5m <= -0.400%,210912490.39833996,231.6792912926126,0.6569168527416116,0.6941926673329677,16.384405186912577,15.253104958597152,-619.5375536200411,0.2721742323090258,376,433,934
protected,122,confirmation,1m <= -0.235% AND 5m <= -0.455%,234132598.81088018,235.87730711103188,0.720811229072086,0.7694657310249172,9.994967553865141,7.725798589402199,-615.3395378016218,0.27710601419693015,376,433,1043
protected,123,confirmation,1m <= -0.270% AND 5m <= -0.510%,190628465.8589099,227.66500892149554,0.8592225130334394,0.8846078164349752,-3.8461608422702076,-3.7884099516035996,-623.5518359911581,0.2674582984137926,376,433,1087
protected,124,confirmation,1m <= -0.305% AND 5m <= -0.565%,6173868802.68983,398.095085291081,0.7830531528773594,0.8221734813821792,3.7707751733377926,2.4550235536760057,-453.12175962157266,0.46767764015752167,376,433,1115
protected,125,confirmation,1m <= -0.340% AND 5m <= -0.620%,10807961186.267836,432.840614499115,0.8715510400289115,0.8715510400289115,-5.079013541817412,-2.4827323109972266,-418.3762304135386,0.5084962980772899,376,433,1136
protected,126,confirmation,1m <= -0.375% AND 5m <= -0.675%,5044237231.947537,386.1203112687366,0.8466183994732814,0.8499908881641306,-2.5857494862544073,-0.32671712451913804,-465.09653364391704,0.4536098099754567,376,433,1141
protected,127,confirmation,1m <= -0.410% AND 5m <= -0.730%,38003677327.79469,519.951555325892,0.8571733052931307,0.8571733052931307,-3.6412400682393375,-1.044958837419152,-331.2652895867617,0.6108332541037131,376,433,1162
protected,128,confirmation,1m <= -0.445% AND 5m <= -0.785%,51950017642.01511,543.733773574701,0.8571733052931307,0.8571733052931307,-3.6412400682393375,-1.044958837419152,-307.48307133795265,0.6387723373008384,376,433,1165
protected,129,confirmation,1m <= -0.480% AND 5m <= -0.840%,223499065379.22098,667.3910072897106,0.8571900447049876,0.8571900447049876,-3.6429140094250245,-1.046632778604839,-183.82583762294303,0.7840434682166023,376,433,1168
protected,130,confirmation,1m <= -0.515% AND 5m <= -0.895%,187444685643.30212,651.304743831809,0.8689891473026199,0.8879672326489401,-4.822824269188253,-4.124351573000085,-199.91210108084465,0.7651455063705203,376,433,1170
protected,131,confirmation,1m <= -0.550% AND 5m <= -0.950%,260743723338.9177,681.767392282351,0.8197194050877319,0.8458335548869339,0.10414995230054735,0.0890162032005315,-169.44945263030263,0.8009326840240216,376,433,1170
protected,132,confirmation,1m <= -0.585% AND 5m <= -1.005%,236608101894.55258,672.6763636184519,0.8197194050877319,0.8458335548869339,0.10414995230054735,0.0890162032005315,-178.54048129420175,0.7902526455376686,376,433,1170
protected,133,confirmation,1m <= -0.620% AND 5m <= -1.060%,230176008422.0481,670.1161404553807,0.8197194050877319,0.8458335548869339,0.10414995230054735,0.0890162032005315,-181.10070445727297,0.7872449240876379,376,433,1171
protected,134,confirmation,1m <= -0.655% AND 5m <= -1.115%,296334091591.95013,693.906118381371,0.8193371519720416,0.8455055067100578,0.14237526386957633,0.1218210208881465,-157.31072653128263,0.8151931232664635,376,433,1173
protected,135,confirmation,1m <= -0.690% AND 5m <= -1.170%,357932843225.78705,712.1685687448646,0.8200619352571793,0.8461258008905053,0.06989693535580654,0.05979160284339535,-139.04827616778903,0.8366476450756126,376,433,1174
protected,136,confirmation,1m <= -0.725% AND 5m <= -1.225%,413860809043.7845,726.4929163919181,0.8207567944664742,0.8467199508901055,0.00041101442631585883,0.0003766028833673829,-124.72392852073551,0.853475727993219,376,433,1175
protected,137,confirmation,1m <= -0.760% AND 5m <= -1.280%,413860809043.7845,726.4929163919181,0.8207567944664742,0.8467199508901055,0.00041101442631585883,0.0003766028833673829,-124.72392852073551,0.853475727993219,376,433,1175
protected,138,confirmation,1m <= -0.795% AND 5m <= -1.335%,413860809043.7845,726.4929163919181,0.8207567944664742,0.8467199508901055,0.00041101442631585883,0.0003766028833673829,-124.72392852073551,0.853475727993219,376,433,1175
protected,139,confirmation,1m <= -0.830% AND 5m <= -1.390%,968220779550.2266,815.5655177304276,0.8207609046107374,0.8467237169189392,0.0,0.0,-35.651327182226055,0.9581172207818744,376,433,1175
protected,140,confirmation,1m <= -0.865% AND 5m <= -1.445%,968220779550.2266,815.5655177304276,0.8207609046107374,0.8467237169189392,0.0,0.0,-35.651327182226055,0.9581172207818744,376,433,1175
protected,141,confirmation,3m <= -0.300% AND 15m <= -0.600%,52802193.99059997,180.73096776285288,0.6337608422626164,0.6360856297905041,18.700006234812093,21.063808712843514,-670.4858771498008,0.21232071339166028,376,433,940
protected,142,confirmation,3m <= -0.345% AND 15m <= -0.675%,530370764.91462016,270.63356992707554,0.7356969321637803,0.7483945654661187,8.506397244695707,9.832915145282051,-580.5832749855781,0.3179372818389728,376,433,999
protected,143,confirmation,3m <= -0.390% AND 15m <= -0.750%,4763939076.016452,382.7849967338839,0.7823891277858568,0.7890897992445077,3.8371776824880577,5.763391767443149,-468.43184817876977,0.44969151987724443,376,433,1067
protected,144,confirmation,3m <= -0.435% AND 15m <= -0.825%,3451293127.8515806,364.4046153874279,0.8998513857841431,0.9179104022639356,-7.909048117340578,-7.118668534499639,-486.81222952522575,0.42809845407232366,376,433,1102
protected,145,confirmation,3m <= -0.480% AND 15m <= -0.900%,9305175547.571627,423.3202714708303,0.8571781489446482,0.877844411230603,-3.6417244333910803,-3.1120694311663755,-427.89657344182336,0.49731190589193364,376,433,1126
protected,146,confirmation,3m <= -0.525% AND 15m <= -0.975%,70475594256.40846,567.8156556083247,0.8571977270044745,0.8571977270044745,-3.6436822393737134,-1.047401008553528,-283.4011893043289,0.6670634621505761,376,433,1146
protected,147,confirmation,3m <= -0.570% AND 15m <= -1.050%,183221098832.18042,649.2456555584115,0.8571940599634102,0.8571940599634102,-3.6433155352672886,-1.047034304447103,-201.97118935424214,0.7627265125668805,376,433,1158
protected,148,confirmation,3m <= -0.615% AND 15m <= -1.125%,300564291452.0137,695.2623832933403,0.853050168562642,0.853050168562642,-3.228926395190468,-0.6326451643702824,-155.9544616193133,0.8167864480697438,376,433,1162
protected,149,confirmation,3m <= -0.660% AND 15m <= -1.200%,707518047515.026,781.6241322164046,0.8018975675054136,0.8313684200320235,1.886333710532373,1.5355296886915726,-69.59271269624901,0.9182432618525187,376,433,1165
protected,150,confirmation,3m <= -0.705% AND 15m <= -1.275%,672526808869.882,776.2556199711564,0.8018975675054136,0.8313684200320235,1.886333710532373,1.5355296886915726,-74.96122494149722,0.9119363938936274,376,433,1165
protected,151,confirmation,3m <= -0.750% AND 15m <= -1.350%,505231812651.56647,746.5879622248989,0.8018928709504873,0.8313681758140662,1.8868033660250028,1.5355541104873027,-104.62888268775475,0.8770831624008908,376,433,1168
protected,152,confirmation,3m <= -0.795% AND 15m <= -1.425%,476356331904.0173,740.6094070638248,0.8018953809250501,0.8313679526394714,1.886552368568728,1.5355764279467832,-110.6074378488288,0.8700596228682732,376,433,1168
protected,153,confirmation,3m <= -0.840% AND 15m <= -1.500%,391963756692.6846,721.1002018914561,0.801887917244602,0.8313685191981329,1.8872987366135408,1.535519772080629,-130.11664302119755,0.8471404274964163,376,433,1168
protected,154,confirmation,3m <= -0.885% AND 15m <= -1.575%,544341899685.51074,754.2234562316455,0.8018924581137956,0.8313686822629662,1.8868446496941749,1.5355034655972988,-96.99338868100813,0.8860532551009832,376,433,1170
protected,155,confirmation,3m <= -0.930% AND 15m <= -1.650%,786340072087.6606,792.9097966503115,0.8207609046107374,0.8467237169189392,0.0,0.0,-58.307048262342164,0.9315015338208853,376,433,1175
protected,156,confirmation,3m <= -0.975% AND 15m <= -1.725%,786340072087.6606,792.9097966503115,0.8207609046107374,0.8467237169189392,0.0,0.0,-58.307048262342164,0.9315015338208853,376,433,1175
protected,157,confirmation,3m <= -1.020% AND 15m <= -1.800%,786340072087.6606,792.9097966503115,0.8207609046107374,0.8467237169189392,0.0,0.0,-58.307048262342164,0.9315015338208853,376,433,1175
protected,158,confirmation,3m <= -1.065% AND 15m <= -1.875%,979225854781.0702,816.8124819816563,0.8207609046107374,0.8467237169189392,0.0,0.0,-34.40436293099731,0.9595821403951097,376,433,1176
protected,159,confirmation,3m <= -1.110% AND 15m <= -1.950%,979225854781.0702,816.8124819816563,0.8207609046107374,0.8467237169189392,0.0,0.0,-34.40436293099731,0.9595821403951097,376,433,1176
protected,160,confirmation,3m <= -1.155% AND 15m <= -2.025%,979225854781.0702,816.8124819816563,0.8207609046107374,0.8467237169189392,0.0,0.0,-34.40436293099731,0.9595821403951097,376,433,1176
protected,161,confirmation,5m <= -0.400% AND 30m <= -0.800%,1356880986.5360796,315.02331780927034,0.8731176746653655,0.8731176746653655,-5.235677005462813,-2.6393957746426278,-536.1935271033833,0.3700858596631696,376,433,992
protected,162,confirmation,5m <= -0.455% AND 30m <= -0.895%,6025930364.437748,396.6424227085156,0.7154149146069424,0.7200311260580986,10.534599000379497,12.669259086084061,-454.57442220413805,0.4659710684522655,376,433,1072
protected,163,confirmation,5m <= -0.510% AND 30m <= -0.990%,102268379706.85454,598.4401532070838,0.6668705109117345,0.6722741537629512,15.389039369900281,17.4449563155988,-252.77669170556987,0.703040778367693,376,433,1100
protected,164,confirmation,5m <= -0.565% AND 30m <= -1.085%,559881044553.1879,757.1237611883166,0.6586960467429108,0.6586960467429108,16.206485786782654,18.80276701760284,-94.09308372433702,0.8894605008269165,376,433,1130
protected,165,confirmation,5m <= -0.620% AND 30m <= -1.180%,45049850865.15227,532.780484557846,0.8571897017972103,0.8571897017972103,-3.642879718647296,-1.0465984878271106,-318.4363603548077,0.62590453624366,376,433,1147
protected,166,confirmation,5m <= -0.675% AND 30m <= -1.275%,165808010530.09338,640.2893833841401,0.8571961838616253,0.874936011948201,-3.6435279250887964,-2.8212295029261814,-210.9274615285135,0.7522047844927722,376,433,1156
protected,167,confirmation,5m <= -0.730% AND 30m <= -1.370%,174934028298.37854,645.0811946654778,0.8599976675081973,0.8599976675081973,-3.923676289745992,-1.3273950589258066,-206.13565024717582,0.7578341506289997,376,433,1163
protected,168,confirmation,5m <= -0.785% AND 30m <= -1.465%,198814509793.416,656.6515477587739,0.8618239763354283,0.8618239763354283,-4.1063071724690925,-1.510025941648907,-194.56529715387978,0.7714268716406278,376,433,1165
protected,169,confirmation,5m <= -0.840% AND 30m <= -1.560%,317251442441.6053,700.4538483400271,0.8018968935436152,0.8313685828068954,1.886401106712221,1.5355134112043811,-150.76299657262655,0.8228853229659748,376,433,1165
protected,170,confirmation,5m <= -0.895% AND 30m <= -1.655%,817915580144.0807,797.1531311923302,0.8018993752045942,0.831368387345042,1.8861529406143163,1.535532957389718,-54.06371372032345,0.9364865556368647,376,433,1171
protected,171,confirmation,5m <= -0.950% AND 30m <= -1.750%,820660537900.5629,797.5151745350496,0.8018995172924913,0.8313686705171746,1.8861387318246048,1.535504640176466,-53.701670377604046,0.9369118800942966,376,433,1171
protected,172,confirmation,5m <= -1.005% AND 30m <= -1.845%,1176997633794.9277,837.3491339590279,0.8018953606821644,0.8313686634452981,1.886554392857298,1.5355053473641078,-13.86771095362576,0.9837083687470392,376,433,1172
protected,173,confirmation,5m <= -1.060% AND 30m <= -1.940%,1194900080419.607,839.0546577761263,0.8019007229640804,0.8313683687349209,1.8860181646656926,1.5355348184018291,-12.162187136527336,0.9857119989938928,376,433,1173
protected,174,confirmation,5m <= -1.115% AND 30m <= -2.035%,1207558091313.3416,840.2470442081853,0.8019007229640804,0.8313686847640318,1.8860181646656926,1.535503215490741,-10.969800704468298,0.9871128011974505,376,433,1173
protected,175,confirmation,5m <= -1.170% AND 30m <= -2.130%,1170862381621.6418,836.7593908749193,0.8019007229640804,0.8303229683022495,1.8860181646656926,1.640074861668972,-14.457454037734351,0.9830155451878799,376,433,1173
protected,176,confirmation,5m <= -1.225% AND 30m <= -2.225%,901543954005.1722,807.7324110551539,0.8207609046107374,0.8467237169189392,0.0,0.0,-43.484433857499766,0.9489149749357205,376,433,1176
protected,177,confirmation,5m <= -1.280% AND 30m <= -2.320%,782137379845.4943,792.3337538754902,0.8253222825350882,0.8557635403165735,-0.4561377924350851,-0.9039823397634317,-58.88309103716347,0.9308248052313794,376,433,1176
protected,178,confirmation,5m <= -1.335% AND 30m <= -2.415%,956382524816.3651,814.2101516020698,0.8253222825350882,0.8557635403165735,-0.4561377924350851,-0.9039823397634317,-37.00669331058384,0.956524951859498,376,433,1176
protected,179,confirmation,5m <= -1.390% AND 30m <= -2.510%,957133158394.3684,814.296528869941,0.8251640128466446,0.8556328524425412,-0.44031082359072826,-0.8909135523601952,-36.92031604271267,0.956626426904767,376,433,1176
protected,180,confirmation,5m <= -1.445% AND 30m <= -2.605%,957133158394.3684,814.296528869941,0.8251640128466446,0.8556328524425412,-0.44031082359072826,-0.8909135523601952,-36.92031604271267,0.956626426904767,376,433,1176
protected,181,confirmation,15m <= -0.600% AND 60m <= -1.000%,1368693625.57679,315.4567565070765,0.9295310050806376,0.9306740719453291,-10.877010046990021,-8.395035502638992,-535.7600884055771,0.3705950585828064,376,433,1016
protected,182,confirmation,15m <= -0.675% AND 60m <= -1.115%,8423594264.17902,417.08512834402313,0.8931510362821321,0.8948842170957976,-7.239013167139474,-4.816050017685836,-434.1317165686305,0.4899869296957131,376,433,1056
protected,183,confirmation,15m <= -0.750% AND 60m <= -1.230%,31039159426.48201,505.0214142027474,0.7174814655019576,0.7589280239393426,10.327943910877979,8.779569297959666,-346.19543070990625,0.5932934918065084,376,433,1095
protected,184,confirmation,15m <= -0.825% AND 60m <= -1.345%,22908050258.170986,483.2898463769163,0.8783104799182537,0.8912307713738595,-5.7549575307516365,-4.450705445492032,-367.92699853573737,0.5677634897210103,376,433,1112
protected,185,confirmation,15m <= -0.900% AND 60m <= -1.460%,38325959986.06009,520.5823119717365,0.9126353928822193,0.9278605089694201,-9.187448827148192,-8.113679205048086,-330.6345329409171,0.6115742599350877,376,433,1143
protected,186,confirmation,15m <= -0.975% AND 60m <= -1.575%,138370458128.33148,624.3373644716729,0.9006400919580125,0.91795564094587,-7.987918734727517,-7.123192402693079,-226.87948044098073,0.7334645316326398,376,433,1155
protected,187,confirmation,15m <= -1.050% AND 60m <= -1.690%,86259389328.55325,584.2672845157539,0.9070132193970926,0.9232181171922113,-8.62523147863552,-7.649440027327204,-266.94956039689976,0.6863906512278991,376,433,1161
protected,188,confirmation,15m <= -1.125% AND 60m <= -1.805%,245822656071.39816,676.2394482298582,0.8153639611557825,0.8475406654073603,0.5396943454954894,-0.08169484884210654,-174.97739668279542,0.7944385173665701,376,433,1163
protected,189,confirmation,15m <= -1.200% AND 60m <= -1.920%,275342846872.22046,686.9130287175855,0.8215927645807342,0.8526839691275929,-0.08318599699967955,-0.5960252208653705,-164.30381619506818,0.8069777199816481,376,433,1164
protected,190,confirmation,15m <= -1.275% AND 60m <= -2.035%,285649600925.55237,690.4031357267208,0.8346354945879468,0.8634537297367276,-1.3874589977209473,-1.6730012817788409,-160.8137091859328,0.8110778585421033,376,433,1167
protected,191,confirmation,15m <= -1.350% AND 60m <= -2.150%,270160691923.39127,685.1146017726886,0.8594339543022699,0.8839305374641616,-3.8673049691532513,-3.7206820545222397,-166.10224313996503,0.8048649481824935,376,433,1171
protected,192,confirmation,15m <= -1.425% AND 60m <= -2.265%,968531639974.9515,815.6009114396344,0.8251641629298775,0.8556329763706213,-0.4403258319140124,-0.8909259451682083,-35.615933473019254,0.9581588009143852,376,433,1172
protected,193,confirmation,15m <= -1.500% AND 60m <= -2.380%,1092639595343.6984,828.9918501296692,0.8251641718349411,0.8556329837237907,-0.44032672242036996,-0.890926680485149,-22.22499478298448,0.9738903254607643,376,433,1173
protected,194,confirmation,15m <= -1.575% AND 60m <= -2.495%,1092639595343.6984,828.9918501296692,0.8251641718349411,0.8556329837237907,-0.44032672242036996,-0.890926680485149,-22.22499478298448,0.9738903254607643,376,433,1173
protected,195,confirmation,15m <= -1.650% AND 60m <= -2.610%,817809110803.9634,797.1390670112147,0.8251640128466446,0.8556328524425412,-0.44031082359072826,-0.8909135523601952,-54.077777901438935,0.9364700331946696,376,433,1176
protected,196,confirmation,15m <= -1.725% AND 60m <= -2.725%,784911939322.7012,792.7143537794018,0.8332885235200828,0.8623414966428659,-1.2527618909345395,-1.561777972392664,-58.50249113325185,0.9312719297287226,376,433,1176
protected,197,confirmation,15m <= -1.800% AND 60m <= -2.840%,1136109081489.012,833.3665461092708,0.8207609046107374,0.8467237169189392,0.0,0.0,-17.850298803382884,0.9790296692199335,376,433,1177
protected,198,confirmation,15m <= -1.875% AND 60m <= -2.955%,1136109081489.012,833.3665461092708,0.8207609046107374,0.8467237169189392,0.0,0.0,-17.850298803382884,0.9790296692199335,376,433,1177
protected,199,confirmation,15m <= -1.950% AND 60m <= -3.070%,1136109081489.012,833.3665461092708,0.8207609046107374,0.8467237169189392,0.0,0.0,-17.850298803382884,0.9790296692199335,376,433,1177
protected,200,confirmation,15m <= -2.025% AND 60m <= -3.185%,1136109081489.012,833.3665461092708,0.8207609046107374,0.8467237169189392,0.0,0.0,-17.850298803382884,0.9790296692199335,376,433,1177
